[{"model": "auth.user", "fields": {"password": "pbkdf2_sha256$1200000$7aNFaaxKSxKJM2guOZIylB$mHbcnA0gXM+nERw5zLpIV9Q8q/XbLbxnixL42ipcQF4=", "last_login": "2026-04-05T06:16:55.956Z", "is_superuser": true, "username": "LorAdmin", "first_name": "", "last_name": "", "email": "korshunovdiogen@mail.ru", "is_staff": true, "is_active": true, "date_joined": "2026-03-21T12:41:53.566Z", "groups": [], "user_permissions": []}}, {"model": "auth.user", "fields": {"password": "pbkdf2_sha256$1200000$QVRZ7QBYeuxGs1vP34E383$9LrG2j/KkN+R26gdtOYewXCLNC9+KSu9cJBLr4xzZKw=", "last_login": "2026-04-05T06:00:08.855Z", "is_superuser": false, "username": "Danil_Kolbasenko", "first_name": "", "last_name": "", "email": "", "is_staff": false, "is_active": true, "date_joined": "2026-04-05T04:15:42.404Z", "groups": [], "user_permissions": []}}, {"model": "sessions.session", "pk": "331vig2yxo2rqysdbbo1wfl4soqoehga", "fields": {"session_data": ".eJxVjMsOwiAQAP9lz4awPG2P3vsNZFlAqoYmpT0Z_9006UGvM5N5Q6B9q2HveQ1zghEQLr8sEj9zO0R6ULsvgpe2rXMURyJO28W0pPy6ne3foFKvMELhpK32RjvOBtldk2dUpFFHtDjI4gxbckN0ShaLyhEqTxaN9KZYU-DzBcqsNs4:1w9Gn1:txNtq6rtHIOwlxwwLwraaQnT2xHcuIxNpJPftn834tU", "expire_date": "2026-04-19T06:16:55.968Z"}}, {"model": "sessions.session", "pk": "8s3eu8uo7mxwq97t9t04fg6mkbbnxdk0", "fields": {"session_data": ".eJxVjMsOwiAQAP9lz4awPG2P3vsNZFlAqoYmpT0Z_9006UGvM5N5Q6B9q2HveQ1zghEQLr8sEj9zO0R6ULsvgpe2rXMURyJO28W0pPy6ne3foFKvMELhpK32RjvOBtldk2dUpFFHtDjI4gxbckN0ShaLyhEqTxaN9KZYU-DzBcqsNs4:1w3vei:YprOLnPvPluvhdg2joVA-gtsCfV-MQ2Jyg_vEeFCp6A", "expire_date": "2026-04-04T12:42:16.301Z"}}, {"model": "sessions.session", "pk": "amtn09jnpfgixfptnusmzm12hk6vzg8j", "fields": {"session_data": "e30:1w9Egd:uyTW0czzWhiG1iVxUsv1x9fW0dT9kB0bWUDFV3HwqTQ", "expire_date": "2026-04-19T04:02:11.938Z"}}, {"model": "planets.planet", "pk": 1, "fields": {"name": "Меркурий", "order": 1, "planet_type": "TER", "radius": 2440.0, "text": "Термальные качели и подземные убежища\r\n\r\nМеркурий — планета, где день длиннее года. Из-за резонанса вращения 3:2 <span class='custom-style'>полный оборот вокруг оси занимает 58,65 земных суток</span>,  <span class='custom-style'>а орбитальный период —  87,97 суток</span>. Но главное открытие последних лет — залежи водяного льда в вечно затенённых кратерах на полюсах. Туда никогда не попадает солнечный свет, температура держится около -200 °C, и лёд существует миллиарды лет, принесённый кометами. Эти кратеры — естественные криокамеры, где <span class='custom-style'>могли сохраниться органические молекулы</span>, занесённые из внешней Солнечной системы.\r\n\r\nМагнитное поле Меркурия — аномалия: оно в 100 раз слабее земного, но существует, хотя по расчётам ядро давно должно было затвердеть. Учёные полагают, что железное ядро содержит примеси серы, замедляющие кристаллизацию, и частично остаётся жидким. Это создаёт слабую, но динамичную магнитосферу, которая на ночной стороне «открывается» солнечному ветру, вызывая магнитные пересоединения.\r\n\r\nАстробиологический взгляд: если жизнь когда-либо существовала на Меркурии, она могла бы скрываться в подповерхностных полостях — лавовых трубах или трещинах, защищённых от радиации и экстремальных температур. Подобные среды на Земле (например, в пустыне Атакама) служат убежищем для эндо- и хемолитоавтотрофных микроорганизмов. Космические миссии, такие как BepiColombo (выход на орбиту в 2025–2026 гг.), изучают полярные кратеры и состав поверхности с высоким разрешением.\r\n\r\n<span class='custom-style'>Будущее:</span> Меркурий вряд ли станет местом колонизации из-за радиации и экстремалов, но его полюсы могут служить базой для научных станций, использующих вечную тень как естественный холодильник. Лёд в кратерах — потенциальный источник воды для топлива и жизнеобеспечения, если когда-нибудь появятся технологии доставки грузов на внутренние планеты.", "image": "planets/меркурий2.jpg"}}, {"model": "planets.planet", "pk": 2, "fields": {"name": "Венера", "order": 2, "planet_type": "TER", "radius": 6052.0, "text": "Ад, где возможна облачная жизнь\r\n\r\nАстробиологический взгляд: <span class='custom-style'>гипотетические микроорганизмы могли бы парить в облаках</span>, используя ультрафиолетовое излучение Солнца для фотосинтеза (с защитой от кислоты) или хемосинтез на основе соединений серы. Модели показывают, что стабильные капельные аэрозоли могут существовать в этом слое достаточно долго для метаболизма. Венера напоминает нам, что зона обитаемости не обязательно должна быть на твёрдой поверхности.\r\n\r\n<span class='custom-style'> Венера —</span> это предостережение. Её плотная углекислотная атмосфера и парниковый эффект — <span class='custom-style'> наглядная модель того, что может случиться с Землёй </span> при неконтролируемых выбросах парниковых газов. Изучение Венеры помогает уточнять климатические модели и лучше понимать пределы стабильности земной биосферы.\r\n\r\nСейчас Венера привлекает инженеров: на высоте 50–60 км давление и температура близки к земным, а сернокислотные облака — агрессивная среда, требующая новых материалов. Разработка зондов и аэростатов, способных годами работать в таких условиях, приведёт к созданию химически стойких сплавов, сенсоров и систем передачи данных, которые найдут применение и на Земле (например, в химической промышленности).\r\n\r\n<span class='custom-style'> Будущее: </span>Венерианские аэростатные станции — технически осуществимая концепция. Они могли бы служить долговременными исследовательскими платформами, а также ретрансляторами связи для будущих миссий. Сама поверхность остаётся недоступной для человека, но автоматические зонды, работающие неделями (как это было с советскими «Венерами»), дают уникальные данные о геологии и атмосферной химии.\r\n\r\n\r\nВенера — классический пример неконтролируемого парникового эффекта: температура у поверхности 460 °C, давление 92 атмосферы. Но на высоте 50–65 км температура и давление близки к земным, а в облаках присутствуют капли серной кислоты и, возможно, аммонийные соли, нейтрализующие кислотность. Именно этот слой атмосферы считается потенциальной зоной обитаемости.\r\n\r\nВ 2020 году в венерианских облаках зафиксировали фосфин (PH₃) — газ, который на Земле производят только анаэробные бактерии и некоторые промышленные процессы. Открытие вызвало споры: часть данных могла быть интерпретирована как артефакт, но оно стимулировало новые наблюдения и планирование миссий. В 2024 году НАСА анонсировало проект DAVINCI+, который погрузится в атмосферу Венеры в 2030-х, а ESA готовит миссию EnVision.", "image": "planets/венера.jpg"}}, {"model": "planets.planet", "pk": 3, "fields": {"name": "Земля", "order": 3, "planet_type": "TER", "radius": 6371.0, "text": "Родина человечества\r\n\r\n\r\nЗемля для нас — не просто планета, а точка отсчёта. Вся наша наука о других мирах начинается с понимания того, как работает собственная планета. Геология, климатология, биология — всё это мы используем, чтобы интерпретировать данные с марсоходов и телескопов. <span class='custom-style'>Каждый раз, когда мы открываем новый тип экстремофилов на Земле, мы расширяем представление о возможных условиях жизни на других планетах.</span> \r\n\r\nЗемля — также испытательный стенд для технологий будущего. Разработка методов улавливания углерода, возобновляемой энергетики, систем замкнутого жизнеобеспечения <span class='custom-style'>напрямую связана с тем, что нам понадобится и для дальних космических миссий</span> , и для сохранения собственной среды обитания.\r\n\r\n\r\nЗемля — единственная известная планета с активной тектоникой плит, которая регулирует углеродный цикл и поддерживает умеренный климат миллиарды лет. Но её недра хранят неожиданный резервуар: на глубине 400–600 км в минерале рингвудит заключено колоссальное количество воды — возможно, сравнимое с Мировым океаном. Эта <span class='custom-style'>«глубокая вода»</span> участвует в вулканизме и, вероятно, сыграла ключевую роль в формировании первичной гидросферы.\r\n\r\nМагнитное поле Земли создаётся конвекцией жидкого внешнего ядра. Однако <span class='custom-style'>полюса периодически меняются местами</span> — последняя инверсия была около 780 000 лет назад. Такие события ослабляют поле и могут влиять на биосферу, усиливая космическое излучение. Изучение палеомагнетизма помогает предсказывать, как долго может существовать защитная «оболочка» у каменистых планет.\r\n\r\nАстробиологический взгляд: <span class='custom-style'>Земля — эталон обитаемости</span>, но её уникальность не только в жизни, но и в редком сочетании тектоники, большого спутника (Луны), стабилизирующего ось, и мощной магнитосферы. Без них климат мог бы быть хаотичным, а атмосфера — подвержена эрозии.\r\n\r\n<span class='custom-style'>Будущее:</span> Мы останемся на Земле ещё долго, но опыт, полученный здесь, определит, как мы будем осваивать другие тела. Мониторинг Земли из космоса (спутники дистанционного зондирования) уже стал критически важным для сельского хозяйства, экологии и предсказания катастроф.", "image": "planets/земля.jpg"}}, {"model": "planets.planet", "pk": 4, "fields": {"name": "Марс", "order": 4, "planet_type": "TER", "radius": 3390.0, "text": "Подземные озёра и токсичный грунт\r\n\r\nМарс сегодня — холодная пустыня с разрежённой атмосферой, но <span class='custom-style'>рельеф хранит следы рек, озёр и, возможно, океана</span>. Главный прорыв последнего десятилетия — обнаружение под южной полярной шапкой системы жидких солёных озёр. Радарные зонды Mars Express и MRO выявили водоёмы с высоким содержанием перхлоратов, которые не замерзают даже при -68 °C. Перхлораты токсичны для многих земных организмов, но некоторые бактерии используют их как источник энергии в аноксических условиях.\r\n\r\nДругой перспективный регион — <span class='custom-style'>лавовые трубы</span> в районе вулканов Фарсида. Эти подземные пустоты могут обеспечивать защиту от радиации, стабильную температуру и сохранять водяной лёд. На Земле в таких трубах найдены уникальные микробные сообщества, питающиеся за счёт хемосинтеза (например, в пещерах Лансарота).\r\n\r\nАстробиологический взгляд: <span class='custom-style'>если жизнь на Марсе когда-либо существовала, она могла отступить</span> в подземные убежища после потери атмосферы. Миссия ExoMars (2028) с бурением до 2 метров и марсоход Perseverance, собирающий образцы для возврата на Землю (MSR), нацелены именно на поиск биосигнатур в древних дельтах и подповерхностных слоях.\r\n\r\nМарс — единственная планета, где мы <span class='custom-style'>можем реалистично создать постоянное поселение в обозримом будущем</span>. Его день близок к земному, есть вода (в виде льда), разрежённая атмосфера даёт некоторую защиту от радиации, а ресурсы (глина, металлы) могут быть использованы для строительства. Но главная ценность Марса — научная: здесь сохранились породы возрастом 4 миллиарда лет, не тронутые тектоникой плит. Изучая их, <span class='custom-style'>мы можем понять, была ли жизнь за пределами Земли</span>, и как эволюционируют планеты земной группы.\r\n\r\nСейчас <span class='custom-style'>Марс — основная цель роботизированных миссий</span>. Perseverance собирает образцы для возврата на Землю (MSR), а ExoMars в будущем пробурит поверхность на глубину до 2 метров. Каждый такой проект толкает вперёд технологии автономной навигации, бурения, анализа.\r\n\r\n<span class='custom-style'>Будущее:</span> Первые пилотируемые миссии (вероятно, 2030–2040‑е) станут рубежом, сравнимым с высадкой на Луну. Марс станет полигоном для отработки систем жизнеобеспечения, замкнутого цикла и использования местных ресурсов — навыков, необходимых для дальнейшего продвижения в Солнечной системе.", "image": "planets/марс.jpg"}}, {"model": "planets.planet", "pk": 5, "fields": {"name": "Юпитер", "order": 5, "planet_type": "GAS", "radius": 69911.0, "text": "Несостоявшаяся звезда и химическая лаборатория\r\n\r\n<span class='custom-style'>Юпитер — гравитационный щит Земли:</span> его масса в 2,5 раза больше всех остальных планет вместе взятых. Однако он в 75 раз легче минимальной массы для запуска термоядерного синтеза. В его недрах на глубине около 15 000 км водород переходит в металлическую фазу, создавая мощнейшее магнитное поле — в 20 000 раз сильнее земного. Магнитосфера Юпитера простирается на 5 миллионов километров и генерирует интенсивное радиоизлучение, которое можно услышать даже на Земле.\r\n\r\nАтмосфера планеты содержит слои аммиачного льда, гидросульфида аммония и водяных облаков. <span class='custom-style'>Молнии на Юпитере в десятки раз мощнее земных</span>, а ветры в полосах достигают 600 км/ч. В глубоких слоях давление превращает метан в сажу, а затем в <span class='custom-style'>алмазы, которые могут опускаться на тысячи километров</span>, пока не испарятся в горячих глубинах.\r\n\r\nАстробиологический взгляд: поиск жизни на Юпитере кажется фантастикой, но некоторые учёные рассматривают гипотетические «воздушные экосистемы» в верхних слоях тропосферы, где температура и давление близки к комфортным. Проблема в отсутствии твёрдой поверхности и сильной турбулентности, но <span class='custom-style'>теоретически микроорганизмы могли бы парить</span> в восходящих потоках, используя аммиак или сероводород как доноры электронов. Миссия Juno уже изучает состав атмосферы и структуру недр.\r\n\r\nЮпитер — это в первую очередь массивное тело, которое своей гравитацией «вычищает» окрестности, отводя многие кометы и астероиды от внутренних планет. <span class='custom-style'>Без Юпитера вероятность катастрофических столкновений для Земли была бы значительно выше</span>. Сейчас мы изучаем его атмосферу и магнитосферу, чтобы понять, как работают газовые гиганты — самые распространённые типы планет в галактике.\r\n\r\nДля технологий Юпитер — вызов: его радиационные пояса настолько интенсивны, что обычная электроника выходит из строя за часы. Миссия Juno использует титановую капсулу для защиты приборов. Создание систем, способных работать в таких условиях, <span class='custom-style'>находит применение в ядерной энергетике, медицине</span> (защита от ионизирующего излучения) и спутникостроении.\r\n\r\n<span class='custom-style'>Будущее:</span> В долгосрочной перспективе Юпитер может служить источником гелия-3 (если когда-нибудь мы научимся добывать его из атмосферы) — потенциального топлива для термоядерных реакторов.", "image": "planets/юпитер.jpg"}}, {"model": "planets.planet", "pk": 6, "fields": {"name": "Сатурн", "order": 6, "planet_type": "GAS", "radius": 58232.0, "text": "Планета-поплавок с аномальным теплом\r\n\r\n<span class='custom-style'>Сатурн — самая «лёгкая» планета</span>: его средняя плотность (0,687 г/см³) меньше плотности воды. Если бы существовал достаточно большой океан, Сатурн плавал бы в нём. Однако внутри планеты скрывается мощный тепловой источник: Сатурн излучает в 2,5 раза больше энергии, чем получает от Солнца. Причина — продолжающееся гравитационное сжатие и, возможно, разделение гелия и водорода в недрах, сопровождающееся выделением тепла. Газ внутри планеты постоянно перемешивается: горячий поднимается, а холодный опускается. Из-за бешеного вращения Юпитера эти потоки растягиваются в длинные полосы, которые мы и видим в его атмосфере\r\n\r\nНа северном полюсе Сатурна существует устойчивый гексагональный поток — <span class='custom-style'>идеальная шестиугольная структура из облаков</span> размером более 25 000 км в поперечнике. Её природа до сих пор не полностью объяснена; лабораторные эксперименты показывают, что это происходит потому что планета крутится очень быстро, причем разные ее слои (например, на экваторе и у полюсов) движутся с разной скоростью. Из-за такой неравномерной \"раскрутки\" газ и жидкость растягиваются, образуя эти формы.\r\n\r\nАстробиологический взгляд: как и у Юпитера, <span class='custom-style'>возможность жизни в атмосфере Сатурна крайне гипотетична</span>, но химическое разнообразие (фосфин, ацетилен, сложные углеводороды) делает его естественной лабораторией для изучения органической химии в экстремальных условиях. Миссия Cassini (завершена в 2017) предоставила детальные данные о составе атмосферы, которые продолжают анализироваться.\r\n\r\n<span class='custom-style'>Сатурн — символ красоты</span>, но его научная ценность не менее велика. Кольца — это гигантская естественная лаборатория по изучению аккреции и эволюции планетных систем. Они постоянно меняются: частицы сталкиваются, разрушаются, падают на планету. Наблюдая за кольцами, мы видим процессы, которые происходили при формировании Солнечной системы, только в ускоренном масштабе.\r\n\r\n<span class='custom-style'>Будущее:</span> Как и Юпитер, Сатурн — цель для изучения в первую очередь через зонды и пролётные аппараты. Его атмосфера содержит сложные углеводороды, что делает его интересным для химиков. В отдалённой перспективе возможна добыча гелия-3 и других лёгких элементов из атмосфер, но это потребует технологий, которые появятся не раньше, чем через столетия.", "image": "planets/Сатурн.jpg"}}, {"model": "planets.planet", "pk": 7, "fields": {"name": "Уран", "order": 7, "planet_type": "ICE", "radius": 25362.0, "text": "Лежебока  и стимул для межзвёздных технологий\r\n\r\n<span class='custom-style'>Уран вращается «на боку»:</span> наклон оси 98°, из-за чего полюса по 42 земных года находятся под солнечным светом или во тьме. Это создаёт экстремальные сезонные изменения в атмосфере, которые не встречаются больше нигде в Солнечной системе. Магнитное поле Урана аномально вдвойне: его ось наклонена на 60° относительно оси вращения и смещена от центра планеты на треть радиуса. Магнитосфера «открывается» под действием солнечного ветра, создавая сложные пересоединения магнитных линий, похожие на земные, но гораздо более динамичные.\r\n\r\nПочему Уран почти не излучает внутреннее тепло, в отличие от других газовых гигантов, — загадка. Возможно, <span class='custom-style'>удар, который опрокинул планету</span> (одна из версий, объясняющая наклонность оси), разрушил первоначальную стратификацию недр, подавив конвекцию. Это делает Уран ценным объектом для изучения эволюции планет-гигантов.\r\n\r\nАстробиологический взгляд: <span class='custom-style'>поиск жизни здесь не рассматривается серьёзно</span> из-за отсутствия зоны комфортных температур и давления. Однако его атмосфера содержит сложные углеводороды (этан, ацетилен), образующиеся под действием солнечного ультрафиолета. Эти молекулы могут дать ключ к пониманию химии ранней Солнечной системы и того, как органическое вещество могло распространяться. Уран — ледяной гигант, тип планет, который, как считается, широко распространён в галактике. Изучение его состава (водно-аммиачный океан под атмосферой) поможет нам интерпретировать данные об экзопланетах. \r\n\r\nДля человечества Уран сейчас важен как следующая большая цель после системы Юпитера. NASA рассматривает миссию Uranus Orbiter and Probe (UOP) как приоритетную. Длительность полёта — 12–15 лет, и <span class='custom-style'>это станет проверкой нашей способности проводить долгоживущие миссии вдали от Солнца</span>, что является необходимым шагом перед межзвёздными зондами.\r\n\r\n<span class='custom-style'>Будущее:</span> Колонизация Урана невозможна. Сам Уран может служить источником водорода и гелия для заправки космических аппаратов в отдалённом будущем, если мы создадим инфраструктуру во внешней Солнечной системе.", "image": "planets/уран.jpg"}}, {"model": "planets.planet", "pk": 8, "fields": {"name": "Нептун", "order": 8, "planet_type": "ICE", "radius": 24622.0, "text": "Самые быстрые ветры и загадочный источник тепла\r\n\r\n<span class='custom-style'>Нептун — чемпион по скорости ветра</span> в Солнечной системе: в его атмосфере дуют <span class='custom-style'>ураганы до 2100 км/ч</span>, хотя планета получает в 900 раз меньше солнечного света, чем Земля. Внутренний тепловой поток Нептуна в 2,6 раза превышает получаемое от Солнца — это одно из самых высоких значений среди планет. Ученые точно не знают, откуда берется эта энергия; может быть, внутри планеты еще идут химические процессы с выделением тепла или всё еще выходит жар, накопившийся при её рождении..\r\n\r\nАтмосфера Нептуна содержит <span class='custom-style'>метан, который придаёт планете глубокий синий цвет</span>. Фотохимические процессы в верхних слоях создают сложные органические соединения — толины, похожие на те, что образуются в атмосфере Титана. На Нептуне также наблюдаются яркие штормы — Большое Тёмное Пятно (аналог Юпитера), которое меняет размер и положение.\r\n\r\nАстробиологический взгляд: Хотя жизнь в самом Нептуне маловероятна, <span class='custom-style'>его роль в поставке органики в раннюю Солнечную систему могла быть значительной</span>. Гравитация Нептуна сформировала пояс Койпера, и многие ледяные тела были выброшены во внутреннюю область, возможно, принося с собой воду и органику. Будущие миссии к ледяным гигантам (предлагаемая NASA Uranus Orbiter and Probe) помогут понять химический состав их атмосфер и недр.\r\n\r\nДля технологий Нептун интересен как испытательный полигон для сверхдальней связи и автономных систем. Расстояние до Нептуна — более 4 млрд км, сигнал идёт около 4 часов. Любая миссия туда <span class='custom-style'>потребует новых подходов к энергетике (ядерные источники) и искусственному интеллекту для автономного управления</span>.\r\n\r\n<span class='custom-style'>Будущее:</span> Как и Уран, Нептун — долгосрочная цель для роботизированных исследований. Он важен для понимания эволюции ледяных гигантов и формирования Солнечной системы. В более отдалённом будущем его система может служить воротами к поясу Койпера.", "image": "planets/нептун.jpg"}}, {"model": "planets.satellite", "pk": 1, "fields": {"name": "Луна", "planet": 3, "satellite_type": "REG", "radius": 1737.0, "text": "Соседка, определившая нашу судьбу\r\n\r\nЛуна — единственный естественный спутник Земли, её диаметр 3474 километра, что составляет 27% земного — уникальное соотношение для планетной системы. Она стабилизирует наклон земной оси, без чего климат был бы хаотичным, а смена сезонов — непредсказуемой. <span class='custom-style'>Приливные силы Луны постепенно замедляют вращение Земли: каждые сто лет сутки удлиняются на 1,8 миллисекунды</span>.\r\n\r\nС научной точки зрения Луна — это музей ранней Солнечной системы. Её поверхность не подвергалась эрозии и тектонике, поэтому на ней сохранились породы возрастом 4,5 миллиарда лет. <span class='custom-style'>В вечно затенённых кратерах на полюсах обнаружен водяной лёд</span> — ресурс, который можно использовать для производства топлива и кислорода. Именно поэтому все космические державы сегодня возвращаются на Луну.\r\n\r\nБудущее Луны — это первые постоянные базы. Программа «Артемида» планирует высадить людей на южный полюс уже в конце 2020-х, а затем создать орбитальную станцию Gateway. <span class='custom-style'>Луна станет испытательным полигоном для технологий, необходимых для полётов к Марсу</span>: от замкнутого жизнеобеспечения до добычи ресурсов. В отдалённой перспективе лунный лёд может обеспечить топливом космические аппараты, сделав Луну стартовой площадкой для освоения Солнечной системы.", "image": "satellites/луна.jpg"}}, {"model": "planets.satellite", "pk": 3, "fields": {"name": "Фобос", "planet": 4, "satellite_type": "REG", "radius": 11.2, "text": "Самый близкий спутник в Солнечной системе\r\n\r\nФобос — один из двух спутников Марса, его средний радиус составляет около 11 километров. Он обращается на рекордно близком расстоянии — всего 9380 километров от поверхности планеты, что меньше радиуса любой другой планеты. <span class='custom-style'>Фобос приближается к Марсу примерно на 1,8 метра в год</span>, и через 30–50 миллионов лет он либо разрушится, образовав кольцо, либо упадёт на планету. Поверхность испещрена бороздами, природа которых до сих пор спорна: возможно, это следы от ударов выброшенного с Марса материала.\r\n\r\nДля науки Фобос — уникальный архив прошлого Марса. Его состав (вероятно, углеродистый хондрит) позволяет изучать примитивное вещество, не затронутое геологической активностью. <span class='custom-style'>Российская миссия «Фобос-Грунт» (хоть и неудачная) задумывалась как первый этап доставки образцов</span>, и сейчас возврат грунта с Фобоса остаётся в планах международных агентств. Такой анализ дал бы ключ к пониманию того, сколько воды и органики было в ранней Солнечной системе.\r\n\r\nВ обозримом будущем Фобос может стать <span class='custom-style'>перевалочной базой для марсианских экспедиций</span>. Его низкая гравитация позволяет садиться и взлетать с минимальными затратами топлива, а наличие льда (гипотетического) могло бы обеспечить водой и кислородом. Некоторые концепции предполагают размещение на Фобосе ретрансляторов связи для управления марсоходами и будущими колонистами.", "image": "satellites/Stickney_crater_on_Phobos.jpg"}}, {"model": "planets.satellite", "pk": 5, "fields": {"name": "Ганимед", "planet": 5, "satellite_type": "REG", "radius": 2634.0, "text": "Самый большой спутник в Солнечной системе\r\n\r\nГанимед — крупнейший спутник не только Юпитера, но и всей Солнечной системы. Его диаметр — 5268 километров, что больше планеты Меркурий. Открытый Галилео Галилеем в 1610 году, он является единственным спутником, обладающим <span class='custom-style'>собственным магнитным полем</span>. Под ледяной корой толщиной около 150 км скрывается солёный океан, содержащий больше воды, чем все земные океаны вместе взятые.\r\n\r\nДля науки Ганимед — это модель внутреннего строения ледяных миров. Его магнитное поле взаимодействует с полем Юпитера, создавая полярные сияния, а подповерхностный океан, вероятно, контактирует с каменным дном — идеальные условия для возникновения жизни. <span class='custom-style'>Европейская миссия JUICE (Jupiter Icy Moons Explorer)</span>, запущенная в 2023 году, посвящена детальному изучению Ганимеда, включая картографирование его поверхности и исследование подледного океана.\r\n\r\nВ обозримом будущем Ганимед может стать <span class='custom-style'>естественной станцией для изучения системы Юпитера</span>. Его низкий радиационный фон (по сравнению с Европой и Ио) делает его удобным местом для размещения орбитальных аппаратов. В отдалённой перспективе запасы воды на Ганимеде могли бы обеспечивать топливом и ресурсами пилотируемые экспедиции к внешним планетам.", "image": "satellites/images_2.jpg"}}, {"model": "planets.satellite", "pk": 6, "fields": {"name": "Гималия", "planet": 5, "satellite_type": "IRR", "radius": 85.0, "text": "Самый крупный из нерегулярных спутников Юпитера\r\n\r\nГималия — самый большой из нерегулярных спутников Юпитера, её диаметр составляет около 140 километров. Открытая в 1904 году, она обращается на расстоянии более 11 миллионов километров от планеты по слабо вытянутой орбите. <span class='custom-style'>Она является главным представителем группы Гималии</span> — семейства спутников, которые, вероятно, образовались при разрушении более крупного захваченного астероида.\r\n\r\nДля астрономов Гималия ценна тем, что её состав почти не изменился за миллиарды лет. Изучая её спектральные характеристики, учёные могут <span class='custom-style'>определить происхождение захваченных тел</span> — были ли они родом из пояса астероидов или из более холодных регионов Солнечной системы. Это ключ к пониманию того, как Юпитер влиял на распределение малых тел в ранней системе.\r\n\r\nВ будущем Гималия может сыграть роль <span class='custom-style'>естественного ретранслятора и перевалочной базы</span>. Её относительно устойчивая орбита и умеренный радиационный фон делают её потенциальной площадкой для размещения научного оборудования или пункта дозаправки для миссий к внешним спутникам Юпитера.", "image": "satellites/3F3F3F3F3F.webp"}}, {"model": "planets.satellite", "pk": 7, "fields": {"name": "Карме", "planet": 5, "satellite_type": "IRR", "radius": 23.0, "text": "Ядро хаотичного семейства\r\n\r\nКарме — один из типичных нерегулярных спутников Юпитера, её диаметр около 46 километров. Открытая в 1938 году, она дала название целой группе из более чем 20 спутников, движущихся по схожим орбитам. <span class='custom-style'>Все они вращаются в противоположном направлении (ретроградно)</span> и, вероятно, являются осколками одного более крупного тела, захваченного Юпитером миллиарды лет назад.\r\n\r\nГлавная научная ценность Карме — её роль «архиватора» истории. Изучая рассеяние обломков в группе Карме, планетологи могут <span class='custom-style'>реконструировать гравитационные возмущения</span>, которые Юпитер испытывал при миграции планет-гигантов. Это помогает уточнять модели формирования Солнечной системы.\r\n\r\nДля человечества Карме и её группа интересны как <span class='custom-style'>испытательный полигон для технологий сближения с малыми телами</span>. Поскольку они состоят из примитивного материала, отработка методов бурения и анализа на таких объектах подготовит будущие миссии к астероидам и объектам пояса Койпера.", "image": "satellites/1667301923_1-1zoom-club-p-karme-sputnik-yupitera-1.jpg"}}, {"model": "planets.satellite", "pk": 9, "fields": {"name": "Титан", "planet": 6, "satellite_type": "REG", "radius": 2575.0, "text": "Единственный спутник с атмосферой и жидкими озёрами\r\n\r\nТитан — крупнейший спутник Сатурна и второй по величине в Солнечной системе, его диаметр 5150 километров, что больше Меркурия. Открытый Христианом Гюйгенсом в 1655 году, он уникален: <span class='custom-style'>Титан — единственный спутник с плотной атмосферой</span>, состоящей из азота и метана. Давление у поверхности в 1,5 раза выше земного, а температура –179 °C позволяет метану существовать в жидком виде. На Титане есть настоящие озёра, реки и даже дожди из жидких углеводородов — это единственное тело в Солнечной системе, помимо Земли, где есть стабильные жидкости на поверхности.\r\n\r\nПод ледяной корой Титана, по данным миссии Cassini, скрывается <span class='custom-style'>глобальный океан из жидкой воды с аммиаком</span>. Такое сочетание — органическая атмосфера, жидкие углеводороды на поверхности и подледный океан — делает Титан главной целью для астробиологов. Здесь возможны формы жизни, основанные на совершенно иной химии, нежели земная, что расширяет представление о границах обитаемости.\r\n\r\nДля человечества Титан — это <span class='custom-style'>естественная лаборатория для изучения пребиотической химии</span>. Условия на его поверхности напоминают раннюю Землю до появления кислорода, но с той разницей, что вместо воды там метан. Изучение Титана поможет понять, как могут зарождаться сложные органические молекулы в отсутствие жидкой воды. В обозримом будущем планируются новые миссии, такие как Dragonfly (запуск в 2028 году, прибытие в 2034-м) — октокоптер, который будет летать между дюнами и кратерами Титана в поисках следов органики. В долгосрочной перспективе Титан может стать <span class='custom-style'>источником углеводородов и топлива</span> для дальнейшего освоения Солнечной системы, а его низкая гравитация и плотная атмосфера делают его удобным плацдармом для пилотируемых исследований.", "image": "satellites/Titan_in_true_color_by_Kevin_M._Gill.jpg"}}, {"model": "planets.satellite", "pk": 10, "fields": {"name": "Феба", "planet": 6, "satellite_type": "IRR", "radius": 106.5, "text": "Тёмный прародитель колец Сатурна\r\n\r\nФеба — один из самых крупных нерегулярных спутников Сатурна, её диаметр достигает 220 километров. Открытая Уильямом Пикерингом в 1899 году, она стала первым обнаруженным нерегулярным спутником. <span class='custom-style'>Феба вращается в противоположном направлении (ретроградно)</span> по сильно вытянутой орбите, что однозначно указывает на её захват из внешней Солнечной системы. Она состоит из водяного льда, пород и органических соединений, что роднит её с объектами пояса Койпера.\r\n\r\nЗначимость Фебы для науки огромна. Именно с неё, как считается, на Сатурн попала тёмная материя, которая окрасила один из полушарий Япета. Кроме того, <span class='custom-style'>Феба является главным источником материала для внешнего кольца Сатурна</span> — огромного, разрежённого кольца Фебы, открытого телескопом Spitzer. Микрометеориты постоянно выбивают с её поверхности пыль, которая пополняет это кольцо.\r\n\r\nДля человечества Феба — это <span class='custom-style'>естественный архив органической химии ранней Солнечной системы</span>. Её состав практически не изменился с момента формирования, и будущая миссия, которая сможет доставить образцы с её поверхности, даст ключ к пониманию того, как строились ледяные гиганты и как органические молекулы распространялись по системе. В отдалённом будущем она может служить перевалочной базой для полётов к поясу Койпера, так как её гравитация позволяет совершать манёвры, а запасы льда — производить топливо.", "image": "satellites/Feba-1024x884.jpg"}}, {"model": "planets.satellite", "pk": 11, "fields": {"name": "Альбиорикс", "planet": 6, "satellite_type": "IRR", "radius": 16.0, "text": "Далёкий захватчик из-за пределов системы\r\n\r\nАльбиорикс — один из нерегулярных спутников Сатурна, его диаметр около 32 километров. Он обращается на расстоянии более 16 миллионов километров от планеты, и один оборот занимает почти 3 земных года. Открытый в 2000 году, он назван в честь галльского мифического персонажа. <span class='custom-style'>Альбиорикс движется по орбите, наклонённой к экватору Сатурна под 34°</span>, что типично для захваченных объектов из пояса Койпера.\r\n\r\nГлавная ценность Альбиорикса для науки — его происхождение. Вместе с несколькими другими спутниками он образует «галльскую группу», вероятно, осколки одного более крупного тела, захваченного Сатурном миллиарды лет назад. Изучая такие объекты, астрономы могут <span class='custom-style'>восстановить динамику миграции планет-гигантов</span> и понять, как ледяные тела внешней Солнечной системы оказались в плену у газового гиганта.\r\n\r\nВ перспективе Альбиорикс может стать <span class='custom-style'>испытательной целью для технологий сближения с небольшими телами</span>. Его небольшой размер и удалённость делают его типичным представителем объектов пояса Койпера, и отработка методов посадки и добычи ресурсов на таком астероиде подготовит человечество к более масштабным миссиям к транснептуновым телам.", "image": "satellites/images.jpg"}}, {"model": "planets.satellite", "pk": 12, "fields": {"name": "Титания", "planet": 7, "satellite_type": "REG", "radius": 788.0, "text": "Сердце ледяного королевства\r\n\r\nТитания — крупнейший спутник Урана, её диаметр достигает 1578 километров, что делает её восьмым по величине спутником в Солнечной системе. Открытая Уильямом Гершелем в 1787 году, она имеет <span class='custom-style'>ледяную поверхность, пересечённую гигантскими каньонами</span> глубиной до 5 километров. Под её корой, по мнению учёных, скрывается жидкий водно-аммиачный океан — один из кандидатов на существование внеземной жизни.\r\n\r\nТитания уникальна ещё и тем, что её геология сохранила следы ранней тектонической активности: на поверхности видны рифтовые долины и древние потоки льда, которые когда-то были жидкими. Для планетологов это <span class='custom-style'>окно в прошлое ледяных миров</span>, позволяющее понять, как могли бы выглядеть океанские спутники Юпитера и Сатурна в свои ранние эпохи.\r\n\r\nБудущее Титании напрямую связано с планами изучения системы Урана. NASA уже рассматривает миссию Uranus Orbiter and Probe, которая сможет детально исследовать этот спутник. Если подледный океан будет подтверждён, Титания станет <span class='custom-style'>одной из приоритетных целей для астробиологии</span> наряду с Европой и Энцеладом. В отдалённой перспективе её ледяные запасы и возможный океан могут обеспечить водой и топливом будущие экспедиции к ледяным гигантам, сделав её естественной базой для освоения внешней Солнечной системы.", "image": "satellites/Titania_moon_color_cropped.jpg"}}, {"model": "planets.satellite", "pk": 13, "fields": {"name": "Сикоракса", "planet": 7, "satellite_type": "IRR", "radius": 75.0, "text": "Ледяная ведьма из шекспировской тьмы\r\n\r\nСикоракса — второй по величине нерегулярный спутник Урана, её диаметр составляет около 150 километров. Открытая в 1997 году, она обращается на расстоянии более 12 миллионов километров от планеты, и один её год длится почти 3,5 земных. <span class='custom-style'>Поверхность Сикораксы имеет тёмно-красный оттенок</span>, что характерно для ледяных тел, миллиарды лет подвергавшихся космической эрозии.\r\n\r\nГлавная научная ценность Сикораксы — её захваченная природа. Она принадлежит к той же группе спутников, что и Калибан, и, вероятно, является фрагментом более крупного тела, разрушенного в далёком прошлом. Изучая её химический состав, учёные надеются <span class='custom-style'>расшифровать химию ранней Солнечной системы</span> — в частности, как органические молекулы и вода распределялись между внешними планетами.\r\n\r\nДля человечества Сикоракса — это <span class='custom-style'>естественный ретранслятор для будущих миссий к Урану</span>. Из-за своего удалённого положения она может служить ориентиром и точкой связи при исследовании системы ледяного гиганта. В более отдалённой перспективе её недра могут стать источником редких металлов и воды, необходимых для долгосрочного присутствия человека во внешней Солнечной системе.", "image": "satellites/Sycorax.png"}}, {"model": "planets.satellite", "pk": 14, "fields": {"name": "Франциско", "planet": 7, "satellite_type": "IRR", "radius": 11.0, "text": "Малый странник на гравитационной грани \r\n\r\nФранциско — один из самых маленьких и далёких спутников Урана. Его диаметр едва достигает 22 километров, а орбита проходит на расстоянии более 4 миллионов километров от планеты. Один оборот занимает почти 2,5 земных года. <span class='custom-style'>Он движется по вытянутой и наклонной орбите</span>, что выдаёт в нём захваченный объект — скорее всего, Франциско когда-то был астероидом или ледяным телом из внешней части Солнечной системы.\r\n\r\nНесмотря на крошечные размеры, Франциско ценен для астрономов как <span class='custom-style'>«свидетель» хаотичной молодости Урана</span>. Его орбита и состав хранят информацию о том, как планеты-гиганты мигрировали и перестраивали системы своих спутников миллиарды лет назад. Изучая такие тела, мы можем восстановить историю всей внешней Солнечной системы.\r\n\r\nВ обозримом будущем Франциско может стать <span class='custom-style'>полигоном для сверхдальней навигации</span>. Его необычная траектория потребует от космических аппаратов высокой автономности — навыка, который пригодится при полётах к поясу Койпера и даже к другим звёздам. Кроме того, он представляет интерес как потенциальный источник воды и металлов для будущих автоматических станций.", "image": "satellites/Francisco_Uranus_in_Celestia.png"}}, {"model": "planets.satellite", "pk": 15, "fields": {"name": "Тритон", "planet": 8, "satellite_type": "IRR", "radius": 1353.0, "text": "Замерзший океан на задворках системы \r\n\r\nТритон — крупнейший спутник Нептуна, его диаметр — 2707 км, что немного меньше Луны. Но главная уникальность: он вращается <span class='custom-style'>в противоположную сторону (ретроградно)</span> относительно вращения планеты. Это значит, что Тритон не сформировался вместе с Нептуном, а был <span class='custom-style'>захвачен из пояса Койпера</span> — он представляет собой законсервированную планету, почти не изменившуюся за 4,5 миллиарда лет.\r\n\r\nНа поверхности Тритона царит холод –235 °C, но при этом он геологически активен. «Вояджер-2» заснял <span class='custom-style'>гейзеры жидкого азота</span>, выбрасывающие шлейфы на высоту до 8 км. Под ледяной корой, вероятно, существует океан из водно-аммиачной смеси, что делает Тритон <span class='custom-style'>одним из главных кандидатов на наличие жизни</span> в Солнечной системе (наряду с Европой и Энцеладом).\r\n\r\nДля человечества Тритон — это <span class='custom-style'>учебный полигон для освоения ледяных миров</span>. Его разрежённая атмосфера и сложный химический состав позволяют отрабатывать методы поиска биомаркеров и технологии добычи ресурсов. Уже в 2030-х годах к Тритону планируется миссия Trident (NASA), которая должна детально изучить его поверхность и выяснить, существует ли подледный океан. Если человечество когда-нибудь начнёт осваивать внешнюю Солнечную систему, Тритон станет одной из первых целей — как источник воды, азота и, возможно, редких металлов.", "image": "satellites/нереида_Qh9bavT.jpg"}}, {"model": "planets.satellite", "pk": 16, "fields": {"name": "Нереида", "planet": 8, "satellite_type": "IRR", "radius": 170.0, "text": "Спутник-скиталец\r\n\r\nНереида — второй по величине спутник Нептуна (диаметр около 340 км), но её главная особенность — орбита. Эксцентриситет составляет <span class='custom-style'>0,75</span>, что делает её траекторию одной из самых вытянутых среди всех спутников Солнечной системы. В самой ближней точке Нереида подходит к Нептуну на 1,4 млн км, а в самой дальней удаляется почти на 10 млн км. Полный оборот длится 360 земных суток — почти год.\r\n\r\nТакая странная орбита возникла из-за <span class='custom-style'>гравитационного влияния Тритона</span>, гигантского спутника Нептуна. Нереида, вероятно, была обычным объектом пояса Койпера, но после захвата Тритона её орбита «растянулась» до нынешнего состояния. Для планетологов это живая модель того, как захват крупного спутника может перестроить всю систему.\r\n\r\nДля человечества Нереида интересна как <span class='custom-style'>потенциальный ретранслятор связи</span> в будущих миссиях к Нептуну. Благодаря своей вытянутой орбите она может находиться в разных точках системы и служить естественным повторителем сигналов. Кроме того, её состав (лёд и камень) типичен для объектов внешней Солнечной системы, и отработка технологий добычи ресурсов на таких телах — вопрос не самого отдалённого будущего.", "image": "satellites/нереида.jpg"}}, {"model": "planets.satellite", "pk": 17, "fields": {"name": "Псамафа", "planet": 8, "satellite_type": "IRR", "radius": 19.0, "text": "Тёмный страж внешнего предела\r\n\r\nПсамафа — один из самых удалённых и загадочных спутников Нептуна. Она обращается на расстоянии почти <span class='custom-style'>48 миллионов километров от планеты</span> — дальше, чем любой другой спутник Нептуна, и совершает полный оборот примерно за 25 земных лет. Её диаметр составляет всего около 40 километров, а поверхность настолько тёмная, что отражает лишь 6% падающего света. Скорее всего, Псамафа — это <span class='custom-style'>захваченный объект из пояса Койпера</span>, древнего региона за орбитой Нептуна, где обитают ледяные тела, оставшиеся после формирования Солнечной системы.\r\n\r\nДля астрономов Псамафа интересна как «окаменелость» ранней Солнечной системы. Её химический состав и орбита позволяют реконструировать процессы, которые происходили миллиарды лет назад, когда газовые гиганты мигрировали, разбрасывая ледяные глыбы по всей системе. Изучая такие объекты, мы можем понять, <span class='custom-style'>как вода и органические вещества попали на Землю</span> — именно тела из пояса Койпера считаются одними из главных «доставщиков» этих ингредиентов для жизни.\r\n\r\nВ обозримом будущем Псамафа вряд ли станет целью пилотируемых миссий, но она важна как <span class='custom-style'>ориентир для автоматических зондов</span>. Её орбита крайне вытянута и наклонена, что делает её идеальным пробным камнем для отработки технологий дальнего управления и навигации вблизи малых тел. Если человечество когда-нибудь начнёт добывать ресурсы в поясе Койпера, именно такие объекты станут первыми кандидатами для разведки — они содержат лёд и, возможно, редкие металлы.", "image": "satellites/Psamathe.png"}}, {"model": "planets.satellite", "pk": 28, "fields": {"name": "Деймос", "planet": 4, "satellite_type": "REG", "radius": 6.2, "text": "Маленький страж внешней орбиты\r\n\r\nДеймос — второй и более удалённый спутник Марса, его средний радиус около 6 километров. Он обращается на расстоянии 23 460 километров от планеты, делая полный оборот за 30 земных часов. Поверхность Деймоса гладкая — кратеры на нём засыпаны толстым слоем реголита, что отличает его от Фобоса. <span class='custom-style'>Деймос имеет почти круговую орбиту, но его происхождение остаётся загадкой</span>: он мог быть захвачен из пояса астероидов или сформироваться из обломков после гигантского удара.\r\n\r\nНаучная ценность Деймоса в том, что он, вероятно, состоит из того же материала, что и Фобос, но не испытывает приливного разрушения. Изучая оба спутника, учёные могут <span class='custom-style'>реконструировать динамику раннего Марса</span> и понять, как формировались системы малых тел вокруг планет земной группы.\r\n\r\nДля человечества Деймос может сыграть роль <span class='custom-style'>естественного форпоста для наблюдения за Марсом</span>. Из-за удалённости от планеты он предоставляет идеальную точку для мониторинга марсианской погоды и поддержки связи во время пылевых бурь, когда прямая связь с поверхностью затруднена.", "image": "satellites/Deimos-MRO_KHWjqwg.jpg"}}, {"model": "planets.satellite", "pk": 30, "fields": {"name": "Рея", "planet": 6, "satellite_type": "REG", "radius": 764.0, "text": "Ледяной шар с возможными кольцами\r\n\r\nРея — второй по величине спутник Сатурна после Титана, её диаметр составляет 1528 километров. Открытая Джованни Кассини в 1672 году, она состоит в основном из водяного льда с примесью каменных пород. Главная загадка Реи — <span class='custom-style'>возможная кольцевая система</span>. По данным зонда Cassini, вокруг неё может существовать разрежённое кольцо из обломков, что сделало бы Рею единственным спутником в Солнечной системе, обладающим собственными кольцами.\r\n\r\nПоверхность Реи испещрена яркими ледяными уступами и кратерами, но главный научный интерес вызывает её внутреннее строение. Учёные предполагают, что под ледяной корой может скрываться <span class='custom-style'>слой жидкой воды</span> или рассола, что ставит Рею в ряд потенциально обитаемых объектов. Космический аппарат Cassini зафиксировал аномалии в магнитном поле, которые могут указывать на наличие подповерхностного океана.\r\n\r\nДля человечества Рея интересна как <span class='custom-style'>полигон для изучения эволюции ледяных миров</span>. Если кольца подтвердятся, она станет уникальной лабораторией по взаимодействию спутника с собственной орбитальной средой. В будущем её ледяные запасы могут использоваться для добычи воды и кислорода в рамках исследования системы Сатурна, а относительно низкий радиационный фон делает её удобной площадкой для автоматических станций.", "image": "satellites/Rhea_true_color.jpg"}}, {"model": "planets.satellite", "pk": 32, "fields": {"name": "Европа", "planet": 5, "satellite_type": "REG", "radius": 1561.0, "text": "Ледяной океан под напряжением\r\n\r\nЕвропа — шестой спутник Юпитера, почти такого же размера, как наша Луна (радиус 1561 км). Но вместо каменной пустыни под её ледяной корой скрывается <span class='custom-style'>глобальный солёный океан, который содержит больше воды, чем все земные океаны вместе взятые</span> . Этот океан, по оценкам, может достигать глубины 120 км, а ледяной панцирь сверху имеет толщину от 19 до 39 км (вероятнее всего — около 29 км) . Спутник открыл Галилео Галилей в 1610 году, и до сих пор Европа остаётся главной надеждой астробиологов.\r\n\r\nДолгое время считалось, что через трещины во льду питательные вещества могут попадать из радиационно-облучённой поверхности прямо в океан. Однако недавние данные зонда «Юнона» показали, что <span class='custom-style'>трещины простираются вглубь лишь на сотни метров, а не на километры</span>, и их ширина не превышает нескольких сантиметров . Сквозных каналов к океану нет. Более того, компьютерное моделирование дна Европы выявило ещё одну проблему: тектоническая активность на каменном ядре, скорее всего, отсутствует, а значит, нет и мощных гидротермальных источников — главного источника энергии для гипотетических микробов .\r\n\r\nНо надежда остаётся. Учёные предложили альтернативный механизм: <span class='custom-style'>участки солёного льда становятся тяжёлыми и буквально «ныряют» сквозь более чистый лёд</span>, опускаясь к самому океану и доставляя туда питательные вещества . Сам океан Европы, как выяснилось, необычайно бурный и тёплый у экватора, что может объяснять хаотичный рельеф поверхности . Даже без тектоники дна, химическую энергию мог бы давать радиоактивный распад в недрах или редкие удары метеоритов.\r\n\r\nДля человечества Европа — это <span class='custom-style'>главная цель в поиске жизни прямо сейчас</span>. Уже в 2030 году к ней прибудет зонд NASA Europa Clipper (запущен в октябре 2024 года), который совершит 49 близких пролётов, просканирует лёд радаром и поищет признаки обитаемости . Следом, в 2031 году, подоспеет европейский аппарат JUICE . Даже если жизнь на Европе не подтвердится, её изучение даст бесценные знания о том, как работают ледяные миры, какие условия необходимы для биологии и где ещё во Вселенной стоит искать «вторую Землю».", "image": "satellites/загружено_5.jpg"}}, {"model": "planets.satellite", "pk": 33, "fields": {"name": "Каллисто", "planet": 5, "satellite_type": "REG", "radius": 4821.0, "text": "Самый спокойный и безопасный мир у Юпитера\r\n\r\nКаллисто — второй по величине спутник Юпитера и третий во всей Солнечной системе, его диаметр — 4821 километр (почти как Меркурий). Открытый Галилео Галилеем в 1610 году, он обращается дальше всех остальных галилеевых спутников — на расстоянии почти 1,9 миллиона километров от планеты. В отличие от соседей, <span class='custom-style'>Каллисто не участвует в орбитальном резонансе</span>, поэтому её сутки (и год) длятся около 16,7 земных суток. Учёные долго гадали, почему она выпала из «танца» Ио, Европы и Ганимеда, и теперь считают, что в газопылевом диске вокруг молодого Юпитера существовала некая «горка» — область повышенной плотности, через которую Каллисто просто не смогла перебраться .\r\n\r\nПоверхность Каллисто — <span class='custom-style'>самая древняя и кратерированная в Солнечной системе</span>. Ей около 4,5 миллиардов лет, и за это время ландшафт почти не изменился — здесь нет ни вулканов, ни тектонических плит, только бесчисленные ударные кратеры. Самые впечатляющие из них — многокольцевые бассейны Валгалла (диаметром около 3800 км) и Асгард (1600 км). Это следы колоссальных столкновений, после которых лёд «тёк» и сглаживал ударные волны, создавая концентрические кольца . Хотя спутник состоит примерно на 60% из камня и на 40% из льда, никакой внутренней активности на поверхности не видно — Каллисто застыла во времени.\r\n\r\nОднако под мёртвой ледяной корой скрывается сюрприз. Анализ данных магнитометра зонда «Галилео», проведённый в 2024 году, подтвердил: <span class='custom-style'>под слоем льда толщиной более 50 километров существует солёный океан глубиной до 150–300 километров</span> . Именно он, взаимодействуя с магнитным полем Юпитера, создаёт слабое индуцированное поле, которое зафиксировали приборы. Вода там, вероятно, очень солёная (проводимость 0,5–10 сименс на метр) и может содержать ионы аммония и карбонаты — то есть там есть необходимые для жизни химические элементы.\r\n\r\nДля человечества Каллисто — это <span class='custom-style'>самая безопасная цель в системе Юпитера</span>. В отличие от Ио, Европы и Ганимеда, её орбита лежит далеко за пределами мощных радиационных поясов Юпитера, поэтому уровень радиации там приемлем для человека . Именно поэтому Роскосмос ещё в 2020 году назвал Каллисто <span class='custom-style'>третьим местом для колонии после Луны и Марса</span> — там есть вода, ресурсы и нет смертельной радиации . В 2030-х годах к системе Юпитера прибудут зонды Europa Clipper и JUICE, которые заодно изучат и Каллисто. Если когда-нибудь человечество доберётся до спутников Юпитера, начинать освоение, скорее всего, будут именно с этого древнего и спокойного мира.", "image": "satellites/Callisto.jpg"}}, {"model": "planets.mission", "pk": 1, "fields": {"name": "МКС", "mission_type": "STA", "launch_date": "1998-11-20", "status": "active", "duration_days": 9991, "text": "Постоянный дом человечества на орбите Земли\r\n\r\nМКС — крупнейшее и самое дорогое сооружение, построенное человечеством в космосе. Её масса — 420 тонн, длина — 109 метров, а внутри постоянно живут 7–11 человек. <span class='custom-style'>С 2000 года на станции побывали более 270 космонавтов из 20 стран</span>, и она остаётся единственным местом, где люди живут и работают в космосе непрерывно. Станция — уникальная лаборатория микрогравитации: здесь изучают рост кристаллов, поведение жидкостей, биологию клеток и адаптацию человека к невесомости.\r\n\r\nЭксперименты на МКС уже принесли практические результаты: от более точных вакцин до новых методов 3D-печати тканей. <span class='custom-style'>Системы регенерации воды и кислорода, испытанные здесь, станут основой для марсианских кораблей</span>. Кроме того, МКС служит полигоном для отработки роботизированных систем, работы в открытом космосе и международного взаимодействия в критических условиях. После 2030 года станция будет сведена с орбиты, но её наследие станет фундаментом для будущих орбитальных станций и дальних экспедиций.", "success": true, "image": "missions/347060856354730.jpeg", "space_agency": [1, 2, 3, 4, 7], "target_planets": [3], "target_satellites": []}}, {"model": "planets.mission", "pk": 2, "fields": {"name": "Hubble", "mission_type": "TEL", "launch_date": "1990-04-24", "status": "active", "duration_days": 13123, "text": "Легендарный телескоп, подаривший нам цветной космос\r\n\r\nHubble — самый известный космический телескоп, за более чем 30 лет совершивший 1,6 миллиона наблюдений. <span class='custom-style'>Он измерил скорость расширения Вселенной, открыл тёмную энергию и сфотографировал столкновения галактик</span> с беспрецедентной чёткостью. Пять сервисных миссий шаттлов продлили его жизнь, и он остаётся научно продуктивным даже после запуска James Webb.\r\n\r\nHubble подтвердил существование сверхмассивных чёрных дыр в центрах галактик, зафиксировал образование протопланетных дисков и позволил впервые составить карту распределения тёмной материи. <span class='custom-style'>Его знаменитые снимки — «Столпы Творения», «Поле глубокого обзора» — стали визуальным символом космоса</span>. Данные Hubble продолжают использоваться для планирования миссий к астероидам и внешним планетам, а его архив остаётся бесценным ресурсом для тысяч учёных.", "success": true, "image": "missions/AQA435tklyA5fLP5IXVezf9e4R_jhP-LXLYoKJExSllPlZTfwBG2j-3Ozz11LVzeHiZUw3X8To5uPrl_OAWk3qH.jpg", "space_agency": [1, 2], "target_planets": [3], "target_satellites": []}}, {"model": "planets.mission", "pk": 3, "fields": {"name": "James Webb", "mission_type": "TEL", "launch_date": "2021-12-25", "status": "active", "duration_days": 1555, "text": "Глаз, видящий рождение первых галактик\r\n\r\nJames Webb — самый мощный космический телескоп из когда-либо созданных. Его главное зеркало диаметром 6,5 метра собирает в семь раз больше света, чем Hubble, и работает в инфракрасном диапазоне, что позволяет <span class='custom-style'>заглядывать сквозь облака космической пыли и видеть первые галактики, сформировавшиеся через 200–300 миллионов лет после Большого взрыва</span>.\r\n\r\nЗа несколько лет работы Webb переписал учебники: он обнаружил неожиданно яркие и массивные галактики в ранней Вселенной, впервые напрямую сфотографировал экзопланеты и детально изучил атмосферы далёких миров, найдя в них водяной пар, углекислый газ и сложные органические молекулы. <span class='custom-style'>В Солнечной системе телескоп наблюдает за ледяными гигантами и их спутниками, помогая планировать будущие миссии к Урану и Нептуну</span>. Технологии Webb (сверхточные зеркала, криогенные системы) уже находят применение в медицине и спутникостроении.", "success": true, "image": "missions/james-webb-satellite.jpg", "space_agency": [1, 2, 7], "target_planets": [3], "target_satellites": []}}, {"model": "planets.mission", "pk": 4, "fields": {"name": "Mars Express", "mission_type": "OTH", "launch_date": "2003-06-02", "status": "active", "duration_days": 8336, "text": "Ветеран, нашедший подземное озеро на Красной планете\r\n\r\nMars Express — первый европейский аппарат у Марса, работающий на орбите с 2003 года. <span class='custom-style'>Его главное достижение — обнаружение подповерхностного озера жидкой воды в районе южного полюса Марса</span> с помощью радара MARSIS. Открытие 2018 года стало первым прямым доказательством существования жидкой воды на современном Марсе.\r\n\r\nАппарат выполнил детальное картографирование минералогического состава поверхности, выявив обширные области с глинистыми минералами, которые могли образоваться только в присутствии воды. <span class='custom-style'>Mars Express также служил ретранслятором для посадочного модуля Beagle-2 и продолжает передавать данные с других миссий</span>. Продление миссии до конца 2020-х позволяет отслеживать сезонные изменения марсианской атмосферы, что важно для планирования будущих пилотируемых экспедиций.", "success": true, "image": "missions/Mars_Express.jpg", "space_agency": [2], "target_planets": [4], "target_satellites": []}}, {"model": "planets.mission", "pk": 5, "fields": {"name": "MRO", "mission_type": "OTH", "launch_date": "2005-08-12", "status": "active", "duration_days": 7534, "text": "Самый зоркий картограф, выбравший место для посадки марсоходов\r\n\r\nMRO — один из самых успешных марсианских орбитальных аппаратов. Он оснащён камерой HiRISE, которая позволяет различать детали размером до 30 сантиметров на поверхности. <span class='custom-style'>Благодаря MRO были выбраны места посадки для марсоходов Curiosity и Perseverance</span>, а также обнаружены повторяющиеся линии склонов — сезонные потоки солёной воды.\r\n\r\nАппарат также выполняет функцию связи: он передаёт данные с марсоходов и посадочных модулей на Землю, имея самую мощную антенну среди всех марсианских орбитальных аппаратов. <span class='custom-style'>MRO впервые обнаружил водяной лёд в неглубоких недрах и зафиксировал активные лавины</span> на северной полярной шапке. Его карты высокого разрешения используются для выбора безопасных мест посадки будущих миссий, а ретрансляционная функция обеспечивает непрерывность работы наземных аппаратов.", "success": true, "image": "missions/Mars_Reconnaissance_Orbiter_1.jpg", "space_agency": [1], "target_planets": [4], "target_satellites": []}}, {"model": "planets.mission", "pk": 6, "fields": {"name": "MAVEN", "mission_type": "ORB", "launch_date": "2013-11-18", "status": "active", "duration_days": 4514, "text": "Страж марсианской атмосферы, объяснивший, куда ушла вода\r\n\r\nMAVEN (Mars Atmosphere and Volatile Evolution) — миссия, созданная для ответа на вопрос: как Марс потерял свою плотную атмосферу и превратился в холодную пустыню? <span class='custom-style'>Аппарат вышел на орбиту Марса 22 сентября 2014 года</span> и с тех пор измеряет скорость уноса атмосферы солнечным ветром .\r\n\r\nMAVEN показал, что основная потеря атмосферы происходит из-за солнечного ветра, особенно во время солнечных бурь. <span class='custom-style'>Аппарат также служит ретранслятором для марсоходов Curiosity и Perseverance</span>, обеспечивая связь с Землёй .\r\n\r\nДля человечества MAVEN важен как инструмент прогнозирования будущего земной атмосферы. Понимание того, как звездный ветер разрушает атмосферу планеты, помогает моделировать долгосрочную эволюцию атмосферы Земли и оценивать пригодность экзопланет для жизни.", "success": false, "image": "missions/images_3.jpg", "space_agency": [1], "target_planets": [4], "target_satellites": []}}, {"model": "planets.mission", "pk": 7, "fields": {"name": "Juno", "mission_type": "ORB", "launch_date": "2011-08-05", "status": "completed", "duration_days": 5170, "text": "Радиационный ниндзя, раскрывший тайны Юпитера\r\n\r\nJuno — космический аппарат, который работал на орбите Юпитера с 2016 года. Он был спроектирован так, чтобы выдерживать самую интенсивную радиацию в Солнечной системе: вся электроника спрятана в титановом сейфе . <span class='custom-style'>Главная цель Juno — заглянуть под плотные облака Юпитера</span> с помощью микроволнового радиометра.\r\n\r\nБлагодаря Juno учёные узнали, что ядро Юпитера оказалось размытым и не имеет чёткой границы. Аппарат также обнаружил, что <span class='custom-style'>циклоны на полюсах Юпитера образуют устойчивые геометрические структуры</span> (восемь вокруг одного), которые не меняются годами. Juno выполнил ряд близких пролётов крупнейших спутников Юпитера: Ио, Ганимеда и Европы .\r\n\r\nДля человечества Juno — это тест на выживание в экстремальных условиях. Разработанные для него методы защиты от радиации и технологии автономной навигации будут использоваться в будущих миссиях к Европе и другим ледяным спутникам. Финансирование миссии было рассчитано до 30 сентября 2025 года .", "success": true, "image": "missions/500fc80ae5f194cdbecc5f052e24282b.webp", "space_agency": [1], "target_planets": [5], "target_satellites": []}}, {"model": "planets.mission", "pk": 8, "fields": {"name": "Europa Clipper", "mission_type": "ORB", "launch_date": "2024-10-14", "status": "active", "duration_days": 531, "text": "Охотник за океаном под ледяной бронёй\r\n\r\nEuropa Clipper — миссия NASA к ледяному спутнику Юпитера, под корой которого скрывается глобальный океан. Аппарат был запущен 14 октября 2024 года и находится в пути. <span class='custom-style'>В 2025 году он совершит гравитационный манёвр у Марса, а в 2026-м — у Земли</span>, чтобы набрать нужную скорость .\r\n\r\nClipper не выйдет на орбиту Европы (чтобы избежать радиационного воздействия), а совершит десятки близких пролётов. <span class='custom-style'>Главная цель — определить, существует ли под ледяной корой Европы жидкий океан и может ли он поддерживать жизнь</span>. На борту — радар для проникновения сквозь лёд до глубины 30 км и магнитометр длиной 8,5 метров .\r\n\r\nДля человечества Europa Clipper — это первый шаг к прямому исследованию подлёдного океана. Если миссия подтвердит наличие воды и благоприятных условий, следующим этапом станет посадка и бурение — технология, которая откроет путь к поиску внеземной жизни в нашей системе. Ожидается, что аппарат достигнет Юпитера в апреле 2030 года .", "success": true, "image": "missions/images_4.jpg", "space_agency": [1], "target_planets": [], "target_satellites": [32]}}, {"model": "planets.mission", "pk": 9, "fields": {"name": "JUICE", "mission_type": "ORB", "launch_date": "2023-04-13", "status": "planned", "duration_days": null, "text": "Европейский путешественник к ледяным мирам Юпитера\r\n\r\nJUICE — миссия Европейского космического агентства к ледяным спутникам Юпитера. Запущенная 13 апреля 2023 года, она совершит четыре гравитационных манёвра (у Земли, Венеры и снова у Земли) и достигнет Юпитера в июле 2031 года . <span class='custom-style'>В конце миссии JUICE выйдет на орбиту вокруг Ганимеда</span> — это станет первым случаем, когда искусственный спутник будет вращаться вокруг спутника другой планеты.\r\n\r\nАппарат оснащён десятью научными приборами, включая радар RIME с 16-метровой антенной для зондирования ледяных спутников на глубину до 9 км, лазерный высотомер GALA и магнитометр J-MAG . <span class='custom-style'>Особое внимание — океану Ганимеда и его магнитному полю</span>, а также изучению древней поверхности Каллисто.\r\n\r\nДля человечества JUICE важен как мостик между наукой и технологиями будущего. Он проверит, как работает длительное пребывание в радиационных поясах Юпитера, и испытает методы точной навигации в системе со сложным гравитационным полем. Завершится миссия в сентябре 2035 года падением аппарата на поверхность Ганимеда .", "success": true, "image": "missions/potd_juice_jupiter_1.jpg", "space_agency": [1, 2, 4], "target_planets": [5], "target_satellites": [32, 33, 5]}}, {"model": "planets.mission", "pk": 10, "fields": {"name": "Akatsuki", "mission_type": "ORB", "launch_date": "2010-05-20", "status": "active", "duration_days": 5792, "text": "Японский феникс, воскресший для изучения адской Венеры\r\n\r\nAkatsuki (яп. «рассвет») — единственный действующий орбитальный аппарат у Венеры. Он был запущен в 2010 году, но из-за отказа двигателя не смог выйти на орбиту и провёл пять лет в полёте вокруг Солнца. <span class='custom-style'>В 2015 году инженеры JAXA впервые в истории осуществили манёвр с использованием малых корректирующих двигателей</span> и вывели аппарат на рабочую орбиту — случай уникального спасения миссии.\r\n\r\nНаучная задача Akatsuki — изучение венерианской атмосферы, самой плотной и загадочной среди планет земной группы. <span class='custom-style'>Аппарат обнаружил гигантскую стационарную гравитационную волну в верхних слоях атмосферы</span> и подтвердил, что суперротация (ветры, дующие в 60 раз быстрее вращения планеты) остаётся стабильной десятилетиями.\r\n\r\nДля человечества Akatsuki ценна как долгоживущий метеорологический спутник Венеры. Её непрерывные наблюдения помогают понимать парниковый эффект — Венера служит естественной моделью того, что может произойти с земным климатом при неконтролируемом росте углекислого газа. Опыт спасения Akatsuki показал, что даже после «потери» аппарата можно вернуть его к работе.", "success": true, "image": "missions/5745_5745.jpg", "space_agency": [4], "target_planets": [2], "target_satellites": []}}, {"model": "planets.mission", "pk": 11, "fields": {"name": "BepiColombo", "mission_type": "ORB", "launch_date": "2018-10-20", "status": "active", "duration_days": 2717, "text": "Самый термостойкий путешественник к огненному Меркурию\r\n\r\nBepiColombo — первый аппарат, направленный к Меркурию после американского MESSENGER. Из-за мощного притяжения Солнца прямой полёт невозможен: <span class='custom-style'>BepiColombo совершает девять гравитационных манёвров</span> — один у Земли, два у Венеры и шесть у Меркурия — чтобы постепенно сбросить скорость. Прибытие к планете ожидается в конце 2025 года.\r\n\r\nМиссия состоит из двух орбитальных модулей: европейский MPO займётся картографированием поверхности, а японский Mio (MMO) исследует магнитное поле и взаимодействие с солнечным ветром. <span class='custom-style'>Оба аппарата защищены специальными теплоотражающими экранами, рассчитанными на температуру до +450 °C</span> — инженерное решение, которое станет эталоном для будущих миссий к внутренним планетам.\r\n\r\nДля человечества BepiColombo — это ключ к пониманию того, как формировались планеты земной группы. Меркурий сохранил уникальные геологические и магнитные аномалии, проливающие свет на раннюю историю Солнечной системы. Технологии, отработанные в этой миссии (ионные двигатели, автономная навигация, термостойкие материалы), станут основой для проектирования зондов к Венере и астероидам.", "success": true, "image": "missions/field_image_bepicolomboartistview-051_1.jpg", "space_agency": [2, 4], "target_planets": [1], "target_satellites": []}}, {"model": "planets.mission", "pk": 12, "fields": {"name": "Фобос-Грунт", "mission_type": "OTH", "launch_date": "2011-11-08", "status": "completed", "duration_days": 70, "text": "Неудавшийся возврат образца с марсианской луны\r\n\r\n«Фобос-Грунт» — одна из самых амбициозных и одновременно печально известных миссий российской космонавтики. Аппарат стоимостью около <span class='custom-style'>170 миллионов долларов</span> должен был впервые в истории доставить на Землю образцы грунта с Фобоса — таинственного спутника Марса . Учёные надеялись узнать, образовался ли Фобос вместе с планетой или был захвачен её притяжением позже.\r\n\r\nПосле успешного старта с Байконура у аппарата <span class='custom-style'>не включились маршевые двигатели</span>, и он завис на околоземной орбите . Все попытки восстановить связь и запустить двигатели дистанционно провалились. В январе 2012 года обгоревшие остатки станции упали в Тихий океан .\r\n\r\nДля человечества эта неудача стала болезненным уроком: <span class='custom-style'>спешка и недостаточное наземное тестирование</span> могут погубить даже самый перспективный проект. Расследование показало, что электроника станции не была проверена на воздействие тяжёлых заряженных частиц в космосе . Тем не менее, опыт «Фобос-Грунта» учли при проектировании последующих межпланетных миссий.", "success": false, "image": "missions/Cebit_2011-fobos-grunt_together_with_upper_stage.jpg", "space_agency": [3], "target_planets": [4], "target_satellites": [3]}}, {"model": "planets.mission", "pk": 13, "fields": {"name": "MCO", "mission_type": "ORB", "launch_date": "1998-12-11", "status": "completed", "duration_days": 286, "text": "Жертва ошибки инженеров\r\n\r\nMars Climate Orbiter должен был стать первым метеорологическим спутником Марса, но вместо этого вошёл в историю как <span class='custom-style'>пример самой дорогой ошибки из-за путаницы в единицах измерения</span> . Причина катастрофы оказалась до обидного простой: одна группа инженеров использовала метрическую систему (ньютоны), а другая — британскую (фунт-силы) .\r\n\r\n23 сентября 1999 года, когда зонд приблизился к Марсу, он <span class='custom-style'>не смог правильно затормозить</span>. Из-за неверных расчётов траектории аппарат вошёл в атмосферу на слишком низкой высоте и сгорел . Убытки NASA составили 125 миллионов долларов .\r\n\r\nДля человечества эта история стала хрестоматийным напоминанием: <span class='custom-style'>внимание к мелочам в космонавтике спасает миллионы</span>. Интересно, что навигационные системы обнаружили ошибку заранее, но их расчёты почему-то проигнорировали . После этого инцидента NASA ужесточило процедуры проверки программного обеспечения.", "success": false, "image": "missions/images_5.jpg", "space_agency": [1], "target_planets": [4], "target_satellites": []}}, {"model": "planets.mission", "pk": 14, "fields": {"name": "Прогресс М-12М", "mission_type": "OTH", "launch_date": "2011-08-24", "status": "completed", "duration_days": 1, "text": "Грузовик, который не довез продукты до МКС, упав в тайге\r\n\r\n«Прогресс М-12М» должен был доставить на Международную космическую станцию <span class='custom-style'>2,5 тонны грузов</span>, включая топливо, воду, продукты и оборудование . Но на 325-й секунде полёта двигатель ракеты-носителя «Союз-У» нештатно отключился, и корабль рухнул в горах Алтая .\r\n\r\nРасследование выявило шокирующую причину: <span class='custom-style'>бракованный припой в двигателе третьей ступени</span> . Как выяснилось, начальник цеха Воронежского мехзавода ушёл на больничный, а его подчинённые использовали не тот припой . Эту историю позже назвали «аварией из-за больничного кладовщицы».\r\n\r\nДля экипажа МКС потеря грузовика не стала критичной — через несколько дней запасы пополнил японский корабль . Но для российской космонавтики это стало <span class='custom-style'>звонком о системных проблемах контроля качества</span>. После инцидента «Роскосмос» провёл массовые проверки на предприятиях отрасли.", "success": false, "image": "missions/images_6.jpg", "space_agency": [3], "target_planets": [3], "target_satellites": []}}, {"model": "planets.mission", "pk": 15, "fields": {"name": "Mars 96", "mission_type": "ORB", "launch_date": "1996-11-16", "status": "completed", "duration_days": 1, "text": "Неудавшийся амбициозный рывок России к Красной планете\r\n\r\nMars 96 должен был стать <span class='custom-style'>триумфальным возвращением России на Марс</span>. Семитонный аппарат (рекорд для межпланетных миссий) нёс на борту орбитальный модуль, два посадочных зонда и два пенетратора — устройства, которые должны были вонзиться в марсианскую поверхность и проводить измерения изнутри .\r\n\r\nНо вместо полёта к Красной планете аппарат <span class='custom-style'>остался на низкой околоземной орбите</span> из-за отказа разгонного блока . Через несколько часов он вошёл в атмосферу и сгорел. Обломки, содержащие радиоизотопные термоэлектрогенераторы с плутонием-238, предположительно упали в Тихий океан .\r\n\r\nЭта неудача стала <span class='custom-style'>лебединой песней советско-российской марсианской программы</span>. После неё Россия десятилетиями не предпринимала попыток достичь Марс. Точное место падения обломков до сих пор не установлено, что породило легенды о фрагментах, якобы достигших Южной Америки .", "success": false, "image": "missions/images_7.jpg", "space_agency": [3], "target_planets": [4], "target_satellites": []}}, {"model": "planets.mission", "pk": 16, "fields": {"name": "Genesis", "mission_type": "OTH", "launch_date": "2001-08-08", "status": "completed", "duration_days": 1100, "text": "Ловец солнечного ветра, разбившийся при возвращении, но спасший образцы звезды\r\n\r\nGenesis была уникальной миссией: аппарат должен был <span class='custom-style'>поймать частицы солнечного ветра</span> и вернуть их на Землю для изучения . Зонд провёл 850 дней в космосе, собирая драгоценные образцы, а затем направился домой.\r\n\r\nNASA решило применить необычную схему посадки: парашют капсулы с образцами должны были <span class='custom-style'>поймать в воздухе вертолёты</span>, чтобы хрупкие материалы не пострадали от удара о землю . Но из-за ошибки в установке датчика ускорения парашют не раскрылся, и капсула массой 300 кг на скорости 350 км/ч врезалась в пустыню Юты .\r\n\r\nУдивительно, но миссию признали <span class='custom-style'>частично успешной</span>: учёным удалось извлечь часть образцов из разбившейся капсулы, и эти крупицы солнечного вещества продолжают изучать до сих пор . Genesis доказала, что даже катастрофа не всегда означает полную потерю науки.", "success": true, "image": "missions/Genesis_in_collection_mode.jpg", "space_agency": [1], "target_planets": [], "target_satellites": []}}, {"model": "planets.mission", "pk": 17, "fields": {"name": "Марс-3", "mission_type": "ORB", "launch_date": "1971-05-28", "status": "completed", "duration_days": 240, "text": "Тот, кто долетел до Марса, успел чихнуть 14 секунд и замолчал навсегда\r\n\r\n«Марс-3» вошёл в историю как <span class='custom-style'>первый аппарат, совершивший мягкую посадку на Марс</span> . 2 декабря 1971 года спускаемый модуль вошёл в атмосферу Красной планеты, применив сложную схему с парашютами и тормозными двигателями — по ней позже садились марсоходы Curiosity и Perseverance.\r\n\r\nНо триумф оказался недолгим. <span class='custom-style'>Всего через 14,5 секунд</span> после начала передачи первой в истории панорамы марсианской поверхности связь оборвалась навсегда . Центр управления получил лишь хаотичный набор чёрно-белых полос, по которым так и не удалось ничего разглядеть.\r\n\r\nДля человечества «Марс-3» остаётся символом того, насколько сложна посадка на другую планету. <span class='custom-style'>Советским инженерам удалось то, что не получалось у американцев ещё несколько лет</span>, — мягко посадить аппарат на Марс. Но планета неохотно раскрывает свои тайны: что именно погубило зонд — пылевая буря или поломка, — неизвестно до сих пор.", "success": true, "image": "missions/content_FP2A3733.jpg", "space_agency": [3], "target_planets": [4], "target_satellites": []}}, {"model": "planets.mission", "pk": 18, "fields": {"name": "Спутник-1", "mission_type": "ORB", "launch_date": "1957-10-04", "status": "completed", "duration_days": 92, "text": "Скромный шар, открывший космическую эру человечества\r\n\r\n«Спутник-1» — первый искусственный спутник Земли, открывший космическую эру человечества . Небольшой шар диаметром 58 сантиметров и массой всего 83 килограмма был оснащён четырьмя антеннами длиной до 3,9 метра для передачи радиосигналов . Его запуск на ракете Р-7 стал триумфом советской науки и неожиданностью для Запада.\r\n\r\nИнтересно, что запуск едва не сорвался: из-за задержки выхода двигателя на полную мощность ракета начала крениться через 6,5 секунд после старта, и лишь экстренное отклонение рулей спасло миссию . На орбите <span class='custom-style'>«Спутник-1» проработал 22 дня, подавая радиосигналы, на которые мог настроиться любой радиолюбитель</span>, а затем замолчал и сгорел в атмосфере 4 января 1958 года .\r\n\r\nДля человечества эта миссия стала символом начала космической гонки и доказательством того, что выход в космос возможен. <span class='custom-style'>Советский спутник заставил США ускорить собственную программу и создать NASA</span>. А сам «Спутник-1» остаётся одним из самых узнаваемых символов XX века.", "success": true, "image": "missions/Спутник.jpg", "space_agency": [3], "target_planets": [3], "target_satellites": []}}, {"model": "planets.mission", "pk": 19, "fields": {"name": "Восток-1", "mission_type": "OTH", "launch_date": "1961-04-12", "status": "completed", "duration_days": 1, "text": "Корабль, на котором человек впервые увидел Землю из космоса\r\n\r\n12 апреля 1961 года Юрий Гагарин на корабле «Восток-1» стал первым человеком, вышедшим за пределы земной атмосферы. Вся миссия длилась 108 минут, за которые корабль совершил один оборот вокруг Земли на высоте до 327 км . Перед стартом Гагарин произнёс легендарное «Поехали!» — в разговоре с главным конструктором Сергеем Королёвым они также обсудили «колбасу для самогона», что осталось на записи бортового магнитофона .\r\n\r\nКорабль «Восток-1» имел необычную конструкцию: <span class='custom-style'>сферическая капсула не была предназначена для приземления человека</span> — Гагарин катапультировался на высоте 7 км и спускался на собственном парашюте . Это было рискованное решение, но оно позволяло спасти космонавта при любом сценарии. Для достижения первой космической скорости (около 8 км/с) потребовалась мощнейшая ракета, созданная специально для этой миссии.\r\n\r\nДля человечества полёт Гагарина стал не просто научным достижением, а <span class='custom-style'>символом безграничных возможностей человека</span>. Он вдохновил миллионы людей на Земле и открыл дорогу всем последующим пилотируемым программам. Американский журнал Popular Mechanics включил эту миссию в список величайших космических достижений в истории .", "success": false, "image": "missions/images_8.jpg", "space_agency": [3], "target_planets": [3], "target_satellites": []}}, {"model": "planets.mission", "pk": 20, "fields": {"name": "Венера-7", "mission_type": "OTH", "launch_date": "1970-08-17", "status": "completed", "duration_days": 120, "text": "Первый зонд, выживший в аду и передавший сигнал с поверхности другой планеты\r\n\r\n«Венера-7» — первый космический аппарат, совершивший мягкую посадку на поверхность другой планеты и передавший оттуда научные данные . 15 декабря 1970 года спускаемый аппарат вошёл в атмосферу Венеры на скорости 11,5 км/с, выдержал перегрузку в 350 единиц и опустился на парашюте. Корпус зонда был изготовлен из титанового сплава и рассчитан на давление до 180 атмосфер и температуру до 530°C .\r\n\r\nНесмотря на отказ телеметрического коммутатора при входе в атмосферу, <span class='custom-style'>аппарат передавал сигналы в течение 53 минут, в том числе с поверхности</span> — хотя и только данные о температуре . По косвенным признакам учёные установили: на Венере температура достигает 475±20°C, а давление — 90±15 атмосфер, что опровергло прежние представления о более мягких условиях . Анализ допплеровского сдвига сигнала показал, что грунт Венеры напоминает нечто среднее между песком и вулканическим туфом.\r\n\r\nДля человечества «Венера-7» стала прорывом: <span class='custom-style'>она доказала, что спуск в адские условия соседней планеты возможен</span>. Этот успех закрепил лидерство СССР в исследованиях Венеры и позволил последующим миссиям получать уже полноценные научные данные. Popular Mechanics назвал эту миссию одним из величайших достижений в истории космонавтики .", "success": true, "image": "missions/venera7.png", "space_agency": [3], "target_planets": [2], "target_satellites": []}}, {"model": "planets.mission", "pk": 21, "fields": {"name": "ExoMars Trace Gas Orbiter", "mission_type": "ORB", "launch_date": "2016-03-14", "status": "active", "duration_days": 3667, "text": "Анализатор газов, ищущий дыхание жизни на Марсе\r\n\r\nExoMars TGO — совместная российско-европейская миссия, прибывшая к Марсу 19 октября 2016 года . После года аэродинамического торможения в верхних слоях марсианской атмосферы зонд вышел на круговую орбиту высотой около 400 км и приступил к научной работе в 2018 году . Российские приборы ACS и ФРЕНД, созданные в ИКИ РАН, являются ключевыми инструментами для поиска следов метана — газа, который на Земле в основном производится микроорганизмами.\r\n\r\nГлавная задача TGO — <span class='custom-style'>определить, есть ли в атмосфере Марса метан и другие биомаркеры, а также составить карту залежей подповерхностного льда</span> . Помимо научной работы, зонд выполняет функцию ретранслятора для марсоходов и будущих посадочных аппаратов, обеспечивая связь с Землёй. Это самый тяжёлый аппарат из когда-либо выходивших на орбиту Марса .\r\n\r\nДля человечества TGO важен как <span class='custom-style'>первый шаг к ответу на вопрос о существовании жизни на Красной планете</span>. Если метан будет обнаружен в достаточных концентрациях, это определит направление всех будущих марсианских миссий. Успех TGO также доказал, что российско-европейское сотрудничество в дальнем космосе возможно и эффективно.", "success": true, "image": "missions/exomars_trace_gas_orbiter_pillars.jpg", "space_agency": [2, 3], "target_planets": [4], "target_satellites": []}}, {"model": "planets.mission", "pk": 22, "fields": {"name": "Ресурс-П №5", "mission_type": "OTH", "launch_date": "2024-12-25", "status": "active", "duration_days": 459, "text": "Российский оптический глаз, следящий за Землёй из космоса\r\n\r\n«Ресурс-П» №5 — новейший российский спутник дистанционного зондирования Земли, запущенный с космодрома Байконур 25 декабря 2024 года . После завершения лётных испытаний 19 марта 2025 года он был официально принят в эксплуатацию. Аппарат способен делать снимки с разрешением от 0,7 метра в панхроматическом режиме и 12 метров — в широкозахватном, а также вести гиперспектральную съёмку (30 метров) .\r\n\r\nСпутник создан в РКЦ «Прогресс», а оператором выступает Научный центр оперативного мониторинга Земли. <span class='custom-style'>«Ресурс-П» №5 предназначен для инвентаризации природных ресурсов, мониторинга чрезвычайных ситуаций, обновления карт, контроля загрязнения окружающей среды и поиска месторождений полезных ископаемых</span> .\r\n\r\nДля человечества эта миссия важна как <span class='custom-style'>обеспечение России независимой высокодетальной космической съёмкой</span>. Такие данные критически необходимы для сельского хозяйства, экологии, строительства и обороны. Приём заказов на съёмку открыт для всех потребителей, что делает спутник коммерчески значимым .", "success": true, "image": "missions/RSS_Resurs-P-5.jpg", "space_agency": [3], "target_planets": [3], "target_satellites": []}}, {"model": "planets.spaceagency", "pk": 1, "fields": {"name": "NASA", "country": "США", "established_date": "1958-07-29", "text": "От Луны до границ Вселенной — главный двигатель космической науки\r\n\r\nNASA (National Aeronautics and Space Administration) — гражданское космическое агентство США, созданное в ответ на запуск первого спутника. За 65 лет оно совершило то, что ещё недавно считалось фантастикой: <span class='custom-style'>высадка людей на Луну, отправка зондов ко всем планетам Солнечной системы, запуск телескопов Hubble и James Webb</span>. NASA управляет самой масштабной программой пилотируемых полётов, разрабатывает сверхтяжёлую ракету SLS и поддерживает коммерческие миссии на МКС.\r\n\r\nДля науки вклад NASA неоценим. Марсоходы, работающие на Красной планете, аппараты, исследующие пояс Койпера, и миссии к ледяным спутникам Юпитера и Сатурна — всё это изменило представление о космосе. <span class='custom-style'>NASA также играет ключевую роль в международной координации исследований</span>, обеспечивая связь и навигацию для миссий других стран.\r\n\r\nБудущее NASA связано с возвращением людей на Луну (программа «Артемида»), первыми пилотируемыми полётами к Марсу и поиском жизни на Европе и Энцеладе. <span class='custom-style'>Технологии, разработанные в агентстве, ежедневно используются на Земле</span>: от систем очистки воды до медицинских имплантов. NASA остаётся символом того, что научный прогресс и смелые инженерные решения могут преодолеть любые границы.", "image": "space_agencies/NASA_logo.svg.webp"}}, {"model": "planets.spaceagency", "pk": 2, "fields": {"name": "ESA", "country": "ЕС", "established_date": "1975-05-31", "text": "Европейское мастерство дальних полётов и точных инструментов\r\n\r\nЕвропейское космическое агентство (ESA) объединяет 22 страны, создав независимую космическую державу. Его главные достижения: <span class='custom-style'>первый успешный зонд к комете («Розетта»), сложнейшая миссия к Меркурию (BepiColombo) и создание мощной ракеты Ariane</span>, которая выводит на орбиту коммерческие и научные аппараты со всего мира. ESA также внесло огромный вклад в МКС, построив модули «Колумбус» и «Купол».\r\n\r\nАгентство специализируется на роботизированных исследованиях дальнего космоса. <span class='custom-style'>Марсианский зонд Mars Express открыл подповерхностные озёра на Красной планете</span>, а миссия Gaia составляет самую точную трёхмерную карту Млечного Пути. В области наблюдения Земли ESA задаёт стандарты с программой Copernicus.\r\n\r\nВ перспективе ESA планирует самостоятельные пилотируемые программы, продолжит изучение ледяных спутников Юпитера (JUICE) и разрабатывает технологии для возврата образцов с Марса. <span class='custom-style'>Сотрудничество с NASA и другими агентствами делает ESA незаменимым партнёром в глобальных космических проектах</span>, а европейская промышленность получает заказы, которые стимулируют развитие высоких технологий.", "image": "space_agencies/ESA_logo.png"}}, {"model": "planets.spaceagency", "pk": 3, "fields": {"name": "Роскосмос/СССР", "country": "Россия", "established_date": "1992-02-25", "text": "Наследник империи, открывшей дорогу к звёздам\r\n\r\nГосударственная корпорация «Роскосмос» — прямой наследник советской космической программы, открывшей эру пилотируемых полётов. <span class='custom-style'>Первый спутник, первый человек в космосе, первый выход в открытое пространство, первые станции на Луне и Венере</span> — всё это было сделано в СССР, и сегодня Роскосмос продолжает поддерживать уникальные компетенции. Российские ракеты «Союз» остаются самыми надёжными в мире, доставляя экипажи на МКС.\r\n\r\nСегодня приоритеты агентства — создание новой Российской орбитальной станции (РОС), развитие ракет-носителей «Ангара» и ядерных буксиров для дальних полётов. <span class='custom-style'>Роскосмос также участвует в международных проектах по исследованию Луны</span>, включая программу «Луна-25» и будущие миссии к спутнику Земли.\r\n\r\nДля человечества российская космонавтика важна как хранитель традиций длительных пилотируемых полётов и надёжных систем жизнеобеспечения. <span class='custom-style'>Опыт, накопленный на орбитальных станциях «Салют», «Мир» и МКС, является фундаментом для будущих экспедиций к Луне и Марсу</span>. Роскосмос также активно развивает дистанционное зондирование Земли и спутниковую навигацию (ГЛОНАСС), критически важные для экономики и безопасности.", "image": "space_agencies/Roscosmos-logo-main.png"}}, {"model": "planets.spaceagency", "pk": 4, "fields": {"name": "JAXA", "country": "Япония", "established_date": "2003-10-01", "text": "Технологии, которые работают на пределе возможного\r\n\r\nЯпонское агентство аэрокосмических исследований (JAXA) славится инженерной смелостью и безупречным качеством. <span class='custom-style'>Миссия «Хаябуса» стала первой в истории, доставившей на Землю образцы астероида, а её продолжение «Хаябуса-2» повторило этот успех</span>. JAXA также управляет единственным действующим аппаратом у Венеры (Akatsuki) и строит экспериментальные солнечные паруса.\r\n\r\nОсобое направление — робототехника. Японские модули для МКС (Kibo) включают уникальный шлюз для вывода спутников и дистанционно управляемый манипулятор. <span class='custom-style'>В ближайших планах — доставка образцов с Фобоса (марсианского спутника) и создание лунной базы в сотрудничестве с NASA</span>. JAXA также разрабатывает сверхлёгкие ракеты Epsilon для быстрого запуска малых спутников.\r\n\r\nДля человечества JAXA важна как источник прорывных решений в области точной навигации, автономных систем и международного партнёрства. <span class='custom-style'>Японские технологии защиты от радиации и долгосрочного хранения образцов внеземного грунта задают стандарты для всех будущих миссий по возврату материала</span>. Кроме того, JAXA активно участвует в проектах по утилизации космического мусора и предупреждению астероидной опасности.", "image": "space_agencies/Jaxa_logo.svg.png"}}, {"model": "planets.spaceagency", "pk": 5, "fields": {"name": "CNSA", "country": "Китай", "established_date": "1993-04-22", "text": "Стремительный взлёт новой космической державы\r\n\r\nКитайское национальное космическое управление (CNSA) за последние 20 лет совершило рывок, сравнимый с космической гонкой XX века. <span class='custom-style'>Китай — единственная страна, создавшая собственную орбитальную станцию «Тяньгун» и регулярно отправляющая к ней пилотируемые экспедиции</span>. Аппараты CNSA успешно работают на Луне (в том числе на обратной стороне — «Чанъэ-4») и Марсе («Тяньвэнь-1»), а планы включают пилотируемую высадку на Луну и создание международной лунной базы.\r\n\r\nАгентство делает ставку на независимость: собственные ракеты «Чанчжэн» (Long March), спутниковые системы навигации (BeiDou) и связи, полный цикл производства. <span class='custom-style'>В 2024 году CNSA доставила первые образцы с обратной стороны Луны</span>, а следующей целью станут астероиды и Марс.\r\n\r\nДля глобальной космонавтики успехи CNSA означают многополярность: теперь ни одна страна не доминирует в освоении космоса. <span class='custom-style'>Китай активно приглашает партнёров к участию в своей лунной станции, создавая альтернативу международным проектам</span>. Технологии, разработанные в рамках программ CNSA, находят применение в самых разных сферах — от точного земледелия до прогнозирования стихийных бедствий.", "image": "space_agencies/Insignia_of_CNSA.svg.png"}}, {"model": "planets.spaceagency", "pk": 6, "fields": {"name": "ISRO", "country": "Индия", "established_date": "1969-08-15", "text": "Космос по доступной цене для всей планеты\r\n\r\nИндийская организация космических исследований (ISRO) доказала, что даже с ограниченным бюджетом можно достичь планет. <span class='custom-style'>Миссия «Мангальян» (Mars Orbiter Mission) стала первым аппаратом, вышедшим на орбиту Марса с первой попытки</span>, и обошлась дешевле, чем создание голливудского блокбастера. ISRO также успешно запустила зонд к Луне («Чандраян-3» стал первым, севшим вблизи южного полюса) и планирует пилотируемые полёты.\r\n\r\nГлавная философия ISRO — прагматизм и максимальная отдача от каждого рубля. <span class='custom-style'>Агентство вывело на орбиту рекордное количество спутников за один пуск (104)</span> и создало крупнейшую в мире спутниковую группировку дистанционного зондирования. Это позволяет Индии управлять сельским хозяйством, предсказывать наводнения и обеспечивать связь в отдалённых районах.\r\n\r\nДля человечества ISRO важна как пример того, как космические технологии могут решать земные проблемы без сверхзатрат. <span class='custom-style'>Опыт организации сложных миссий с минимальным бюджетом пригодится всем странам, планирующим освоение дальнего космоса</span>. В будущем ISRO намерена создать собственную орбитальную станцию и отправить астронавтов на Луну, продолжая демонстрировать, что космос — это не только поле конкуренции, но и возможность для развития.", "image": "space_agencies/Indian_Space_Research_Organisation_Logo.svg.png"}}, {"model": "planets.spaceagency", "pk": 7, "fields": {"name": "CSA", "country": "Канада", "established_date": "1989-03-01", "text": "Канадская точность и роботизированное сердце МКС\r\n\r\nКанадское космическое агентство (CSA) — это небольшое, но технически мощное ведомство, которое сделало ставку на робототехнику и точные инструменты. Хотя Канада запустила свой первый спутник Alouette 1 ещё в 1962 году (став третьей космической державой после СССР и США), само агентство было создано только в 1989 году . Сегодня CSA управляет бюджетом около 635 млн долларов и насчитывает около 1000 сотрудников, сосредоточившись не на собственных гигантских ракетах, а на том, что делает лучше всех — <span class='custom-style'>роботизированных руках и высокоточной оптике</span> .\r\n\r\nГлавная визитная карточка CSA — это Canadarm. Первая версия работала на шаттлах NASA с 1981 года и стала символом канадского вклада в космос. Её наследница, <span class='custom-style'>Canadarm2, до сих пор является главным «краном» на МКС</span>, перемещая грузы и стыкуя корабли. Следующее поколение — Canadarm3 — уже строится для лунной станции Gateway, которая обеспечит постоянное присутствие человека на Луне . Кроме того, CSA создала точнейший лазерный высотомер для миссии OSIRIS-REx, благодаря которому удалось выбрать место забора грунта с астероида Бенну, и канадские учёные получили часть этого образца для изучения .\r\n\r\nПомимо роботов, CSA управляет мощной группировкой спутников наблюдения Земли. Спутники RADARSAT используют радар, чтобы <span class='custom-style'>видеть сквозь облака и темноту</span>, отслеживая ледовую обстановку в Арктике, незаконный рыболовный промысел и последствия стихийных бедствий по всей планете . В 2025 году агентство также активно развивает противопожарную систему WildFireSat — семь спутников, которые будут ежедневно мониторить лесные пожары по всему миру, экономя экономике до 5 млрд долларов за пять лет работы .\r\n\r\nДля человечества CSA важна как поставщик критически важных технологий, без которых не обходится ни одна крупная международная миссия. От телескопа James Webb (канадский прибор NIRISS помог открыть одни из первых галактик) до лунной программы Artemis — <span class='custom-style'>везде есть «канадская рука» или канадский «глаз»</span>. В будущем CSA делает ставку на воспитание следующего поколения через программу CUBICS, запуская на орбиту мини-спутники, собранные студентами университетов . Канада доказывает, что для большого космоса не нужны огромные бюджеты — достаточно быть лучшим в своей нише.", "image": "space_agencies/Canadian_Space_Agency_logo.svg.png"}}, {"model": "users.profile", "pk": 1, "fields": {"user": ["LorAdmin"], "test_results": {}}}, {"model": "users.profile", "pk": 2, "fields": {"user": ["Danil_Kolbasenko"], "test_results": {}}}, {"model": "users.favorite", "pk": 71, "fields": {"user": ["LorAdmin"], "content_type": ["planets", "planet"], "object_id": 3, "added_at": "2026-04-04T12:07:00.803Z"}}, {"model": "users.favorite", "pk": 78, "fields": {"user": ["LorAdmin"], "content_type": ["planets", "spaceagency"], "object_id": 3, "added_at": "2026-04-04T12:16:22.281Z"}}, {"model": "users.favorite", "pk": 79, "fields": {"user": ["LorAdmin"], "content_type": ["planets", "mission"], "object_id": 1, "added_at": "2026-04-04T12:16:35.843Z"}}, {"model": "users.favorite", "pk": 80, "fields": {"user": ["LorAdmin"], "content_type": ["planets", "satellite"], "object_id": 1, "added_at": "2026-04-04T12:16:44.515Z"}}, {"model": "users.favorite", "pk": 81, "fields": {"user": ["Danil_Kolbasenko"], "content_type": ["planets", "spaceagency"], "object_id": 3, "added_at": "2026-04-05T04:16:35.083Z"}}, {"model": "users.history", "pk": 1, "fields": {"user": ["LorAdmin"], "content_type": ["planets", "planet"], "object_id": 8, "viewed_at": "2026-04-04T08:51:59.810Z"}}, {"model": "users.history", "pk": 2, "fields": {"user": ["LorAdmin"], "content_type": ["planets", "planet"], "object_id": 3, "viewed_at": "2026-04-05T09:33:47.366Z"}}, {"model": "users.history", "pk": 3, "fields": {"user": ["LorAdmin"], "content_type": ["planets", "satellite"], "object_id": 1, "viewed_at": "2026-04-04T12:16:42.880Z"}}, {"model": "users.history", "pk": 6, "fields": {"user": ["LorAdmin"], "content_type": ["planets", "satellite"], "object_id": 15, "viewed_at": "2026-04-04T08:51:56.746Z"}}, {"model": "users.history", "pk": 7, "fields": {"user": ["LorAdmin"], "content_type": ["planets", "mission"], "object_id": 1, "viewed_at": "2026-04-04T12:16:34.735Z"}}, {"model": "users.history", "pk": 8, "fields": {"user": ["LorAdmin"], "content_type": ["planets", "spaceagency"], "object_id": 1, "viewed_at": "2026-04-04T09:04:17.954Z"}}, {"model": "users.history", "pk": 9, "fields": {"user": ["LorAdmin"], "content_type": ["planets", "planet"], "object_id": 5, "viewed_at": "2026-04-04T09:03:34.457Z"}}, {"model": "users.history", "pk": 10, "fields": {"user": ["LorAdmin"], "content_type": ["planets", "mission"], "object_id": 7, "viewed_at": "2026-04-04T09:04:15.192Z"}}, {"model": "users.history", "pk": 11, "fields": {"user": ["LorAdmin"], "content_type": ["planets", "spaceagency"], "object_id": 7, "viewed_at": "2026-04-04T09:34:31.793Z"}}, {"model": "users.history", "pk": 12, "fields": {"user": ["LorAdmin"], "content_type": ["planets", "spaceagency"], "object_id": 5, "viewed_at": "2026-04-04T09:42:58.748Z"}}, {"model": "users.history", "pk": 13, "fields": {"user": ["LorAdmin"], "content_type": ["planets", "spaceagency"], "object_id": 3, "viewed_at": "2026-04-04T12:16:26.473Z"}}, {"model": "users.history", "pk": 14, "fields": {"user": ["LorAdmin"], "content_type": ["planets", "mission"], "object_id": 11, "viewed_at": "2026-04-04T14:16:13.939Z"}}, {"model": "users.history", "pk": 15, "fields": {"user": ["Danil_Kolbasenko"], "content_type": ["planets", "mission"], "object_id": 11, "viewed_at": "2026-04-05T04:15:56.481Z"}}, {"model": "users.history", "pk": 16, "fields": {"user": ["Danil_Kolbasenko"], "content_type": ["planets", "mission"], "object_id": 21, "viewed_at": "2026-04-05T04:16:31.760Z"}}, {"model": "users.history", "pk": 17, "fields": {"user": ["Danil_Kolbasenko"], "content_type": ["planets", "spaceagency"], "object_id": 3, "viewed_at": "2026-04-05T04:16:33.822Z"}}, {"model": "users.history", "pk": 18, "fields": {"user": ["Danil_Kolbasenko"], "content_type": ["planets", "spaceagency"], "object_id": 5, "viewed_at": "2026-04-05T04:29:22.257Z"}}, {"model": "users.history", "pk": 19, "fields": {"user": ["Danil_Kolbasenko"], "content_type": ["planets", "planet"], "object_id": 5, "viewed_at": "2026-04-05T05:57:55.689Z"}}, {"model": "users.history", "pk": 20, "fields": {"user": ["LorAdmin"], "content_type": ["planets", "mission"], "object_id": 10, "viewed_at": "2026-04-05T09:37:15.597Z"}}, {"model": "admin.logentry", "pk": 1, "fields": {"action_time": "2026-03-21T12:46:45.137Z", "user": ["LorAdmin"], "content_type": ["planets", "planet"], "object_id": "1", "object_repr": "Меркурий", "action_flag": 1, "change_message": "[{\"added\": {}}]"}}, {"model": "admin.logentry", "pk": 2, "fields": {"action_time": "2026-03-21T12:47:05.658Z", "user": ["LorAdmin"], "content_type": ["planets", "planet"], "object_id": "2", "object_repr": "Венера", "action_flag": 1, "change_message": "[{\"added\": {}}]"}}, {"model": "admin.logentry", "pk": 3, "fields": {"action_time": "2026-03-21T12:47:38.303Z", "user": ["LorAdmin"], "content_type": ["planets", "planet"], "object_id": "3", "object_repr": "Земля", "action_flag": 1, "change_message": "[{\"added\": {}}]"}}, {"model": "admin.logentry", "pk": 4, "fields": {"action_time": "2026-03-21T12:47:52.397Z", "user": ["LorAdmin"], "content_type": ["planets", "planet"], "object_id": "4", "object_repr": "Марс", "action_flag": 1, "change_message": "[{\"added\": {}}]"}}, {"model": "admin.logentry", "pk": 5, "fields": {"action_time": "2026-03-21T12:48:14.605Z", "user": ["LorAdmin"], "content_type": ["planets", "planet"], "object_id": "5", "object_repr": "Юпитер", "action_flag": 1, "change_message": "[{\"added\": {}}]"}}, {"model": "admin.logentry", "pk": 6, "fields": {"action_time": "2026-03-21T12:48:32.195Z", "user": ["LorAdmin"], "content_type": ["planets", "planet"], "object_id": "6", "object_repr": "Сатурн", "action_flag": 1, "change_message": "[{\"added\": {}}]"}}, {"model": "admin.logentry", "pk": 7, "fields": {"action_time": "2026-03-21T12:48:51.680Z", "user": ["LorAdmin"], "content_type": ["planets", "planet"], "object_id": "7", "object_repr": "Уран", "action_flag": 1, "change_message": "[{\"added\": {}}]"}}, {"model": "admin.logentry", "pk": 8, "fields": {"action_time": "2026-03-21T12:49:18.790Z", "user": ["LorAdmin"], "content_type": ["planets", "planet"], "object_id": "8", "object_repr": "Нептун", "action_flag": 1, "change_message": "[{\"added\": {}}]"}}, {"model": "admin.logentry", "pk": 9, "fields": {"action_time": "2026-03-21T13:13:41.676Z", "user": ["LorAdmin"], "content_type": ["planets", "satellite"], "object_id": "1", "object_repr": "Луна", "action_flag": 1, "change_message": "[{\"added\": {}}]"}}, {"model": "admin.logentry", "pk": 10, "fields": {"action_time": "2026-03-21T13:17:49.466Z", "user": ["LorAdmin"], "content_type": ["planets", "satellite"], "object_id": "2", "object_repr": "МКС", "action_flag": 1, "change_message": "[{\"added\": {}}]"}}, {"model": "admin.logentry", "pk": 11, "fields": {"action_time": "2026-03-21T13:18:29.106Z", "user": ["LorAdmin"], "content_type": ["planets", "satellite"], "object_id": "3", "object_repr": "Фобос", "action_flag": 1, "change_message": "[{\"added\": {}}]"}}, {"model": "admin.logentry", "pk": 12, "fields": {"action_time": "2026-03-21T13:19:07.273Z", "user": ["LorAdmin"], "content_type": ["planets", "satellite"], "object_id": "4", "object_repr": "TGO (ExoMars)", "action_flag": 1, "change_message": "[{\"added\": {}}]"}}, {"model": "admin.logentry", "pk": 13, "fields": {"action_time": "2026-03-21T13:19:41.467Z", "user": ["LorAdmin"], "content_type": ["planets", "satellite"], "object_id": "5", "object_repr": "Ганимед", "action_flag": 1, "change_message": "[{\"added\": {}}]"}}, {"model": "admin.logentry", "pk": 14, "fields": {"action_time": "2026-03-21T13:19:58.331Z", "user": ["LorAdmin"], "content_type": ["planets", "satellite"], "object_id": "6", "object_repr": "Гималия", "action_flag": 1, "change_message": "[{\"added\": {}}]"}}, {"model": "admin.logentry", "pk": 15, "fields": {"action_time": "2026-03-21T13:20:12.210Z", "user": ["LorAdmin"], "content_type": ["planets", "satellite"], "object_id": "7", "object_repr": "Карме", "action_flag": 1, "change_message": "[{\"added\": {}}]"}}, {"model": "admin.logentry", "pk": 16, "fields": {"action_time": "2026-03-21T13:20:32.831Z", "user": ["LorAdmin"], "content_type": ["planets", "satellite"], "object_id": "8", "object_repr": "Юнона", "action_flag": 1, "change_message": "[{\"added\": {}}]"}}, {"model": "admin.logentry", "pk": 17, "fields": {"action_time": "2026-03-21T13:20:48.261Z", "user": ["LorAdmin"], "content_type": ["planets", "satellite"], "object_id": "9", "object_repr": "Титан", "action_flag": 1, "change_message": "[{\"added\": {}}]"}}, {"model": "admin.logentry", "pk": 18, "fields": {"action_time": "2026-03-21T13:21:07.330Z", "user": ["LorAdmin"], "content_type": ["planets", "satellite"], "object_id": "10", "object_repr": "Феба", "action_flag": 1, "change_message": "[{\"added\": {}}]"}}, {"model": "admin.logentry", "pk": 19, "fields": {"action_time": "2026-03-21T13:21:22.774Z", "user": ["LorAdmin"], "content_type": ["planets", "satellite"], "object_id": "11", "object_repr": "Альбиорикс", "action_flag": 1, "change_message": "[{\"added\": {}}]"}}, {"model": "admin.logentry", "pk": 20, "fields": {"action_time": "2026-03-21T13:21:32.741Z", "user": ["LorAdmin"], "content_type": ["planets", "satellite"], "object_id": "12", "object_repr": "Титания", "action_flag": 1, "change_message": "[{\"added\": {}}]"}}, {"model": "admin.logentry", "pk": 21, "fields": {"action_time": "2026-03-21T13:21:46.885Z", "user": ["LorAdmin"], "content_type": ["planets", "satellite"], "object_id": "13", "object_repr": "Сикоракса", "action_flag": 1, "change_message": "[{\"added\": {}}]"}}, {"model": "admin.logentry", "pk": 22, "fields": {"action_time": "2026-03-21T13:21:57.150Z", "user": ["LorAdmin"], "content_type": ["planets", "satellite"], "object_id": "14", "object_repr": "Франциско", "action_flag": 1, "change_message": "[{\"added\": {}}]"}}, {"model": "admin.logentry", "pk": 23, "fields": {"action_time": "2026-03-21T13:22:18.122Z", "user": ["LorAdmin"], "content_type": ["planets", "satellite"], "object_id": "15", "object_repr": "Тритон", "action_flag": 1, "change_message": "[{\"added\": {}}]"}}, {"model": "admin.logentry", "pk": 24, "fields": {"action_time": "2026-03-21T13:22:29.141Z", "user": ["LorAdmin"], "content_type": ["planets", "satellite"], "object_id": "16", "object_repr": "Нереида", "action_flag": 1, "change_message": "[{\"added\": {}}]"}}, {"model": "admin.logentry", "pk": 25, "fields": {"action_time": "2026-03-21T13:22:41.615Z", "user": ["LorAdmin"], "content_type": ["planets", "satellite"], "object_id": "17", "object_repr": "Псамафа", "action_flag": 1, "change_message": "[{\"added\": {}}]"}}, {"model": "admin.logentry", "pk": 26, "fields": {"action_time": "2026-03-21T13:27:03.844Z", "user": ["LorAdmin"], "content_type": ["planets", "satellite"], "object_id": "18", "object_repr": "Hubble", "action_flag": 1, "change_message": "[{\"added\": {}}]"}}, {"model": "admin.logentry", "pk": 27, "fields": {"action_time": "2026-03-21T13:27:22.599Z", "user": ["LorAdmin"], "content_type": ["planets", "satellite"], "object_id": "19", "object_repr": "James Webb", "action_flag": 1, "change_message": "[{\"added\": {}}]"}}, {"model": "admin.logentry", "pk": 28, "fields": {"action_time": "2026-03-21T13:28:02.319Z", "user": ["LorAdmin"], "content_type": ["planets", "satellite"], "object_id": "20", "object_repr": "MRO", "action_flag": 1, "change_message": "[{\"added\": {}}]"}}, {"model": "admin.logentry", "pk": 29, "fields": {"action_time": "2026-03-21T13:28:13.142Z", "user": ["LorAdmin"], "content_type": ["planets", "satellite"], "object_id": "21", "object_repr": "MAVEN", "action_flag": 1, "change_message": "[{\"added\": {}}]"}}, {"model": "admin.logentry", "pk": 30, "fields": {"action_time": "2026-03-21T13:28:24.608Z", "user": ["LorAdmin"], "content_type": ["planets", "satellite"], "object_id": "22", "object_repr": "Mars Express", "action_flag": 1, "change_message": "[{\"added\": {}}]"}}, {"model": "admin.logentry", "pk": 31, "fields": {"action_time": "2026-03-21T13:28:40.753Z", "user": ["LorAdmin"], "content_type": ["planets", "satellite"], "object_id": "23", "object_repr": "Trace Gas Orbiter", "action_flag": 1, "change_message": "[{\"added\": {}}]"}}, {"model": "admin.logentry", "pk": 32, "fields": {"action_time": "2026-03-21T13:28:55.361Z", "user": ["LorAdmin"], "content_type": ["planets", "satellite"], "object_id": "24", "object_repr": "JUICE", "action_flag": 1, "change_message": "[{\"added\": {}}]"}}, {"model": "admin.logentry", "pk": 33, "fields": {"action_time": "2026-03-21T13:29:07.878Z", "user": ["LorAdmin"], "content_type": ["planets", "satellite"], "object_id": "25", "object_repr": "Europa Clipper", "action_flag": 1, "change_message": "[{\"added\": {}}]"}}, {"model": "admin.logentry", "pk": 34, "fields": {"action_time": "2026-03-21T13:29:17.910Z", "user": ["LorAdmin"], "content_type": ["planets", "satellite"], "object_id": "26", "object_repr": "Akatsuki", "action_flag": 1, "change_message": "[{\"added\": {}}]"}}, {"model": "admin.logentry", "pk": 35, "fields": {"action_time": "2026-03-21T13:29:41.479Z", "user": ["LorAdmin"], "content_type": ["planets", "satellite"], "object_id": "27", "object_repr": "BepiColombo", "action_flag": 1, "change_message": "[{\"added\": {}}]"}}, {"model": "admin.logentry", "pk": 36, "fields": {"action_time": "2026-03-25T13:49:54.669Z", "user": ["LorAdmin"], "content_type": ["planets", "planet"], "object_id": "8", "object_repr": "Нептун", "action_flag": 2, "change_message": "[{\"changed\": {\"fields\": [\"\\u0422\\u0435\\u043a\\u0441\\u0442 \\u043f\\u043b\\u0430\\u043d\\u0435\\u0442\\u044b\"]}}]"}}, {"model": "admin.logentry", "pk": 37, "fields": {"action_time": "2026-03-26T10:52:38.858Z", "user": ["LorAdmin"], "content_type": ["planets", "planet"], "object_id": "1", "object_repr": "Меркурий", "action_flag": 2, "change_message": "[{\"changed\": {\"fields\": [\"\\u0422\\u0435\\u043a\\u0441\\u0442 \\u043f\\u043b\\u0430\\u043d\\u0435\\u0442\\u044b\", \"\\u0418\\u0437\\u043e\\u0431\\u0440\\u0430\\u0436\\u0435\\u043d\\u0438\\u0435\"]}}]"}}, {"model": "admin.logentry", "pk": 38, "fields": {"action_time": "2026-03-26T10:53:53.229Z", "user": ["LorAdmin"], "content_type": ["planets", "planet"], "object_id": "2", "object_repr": "Венера", "action_flag": 2, "change_message": "[{\"changed\": {\"fields\": [\"\\u0422\\u0435\\u043a\\u0441\\u0442 \\u043f\\u043b\\u0430\\u043d\\u0435\\u0442\\u044b\", \"\\u0418\\u0437\\u043e\\u0431\\u0440\\u0430\\u0436\\u0435\\u043d\\u0438\\u0435\"]}}]"}}, {"model": "admin.logentry", "pk": 39, "fields": {"action_time": "2026-03-26T11:01:59.824Z", "user": ["LorAdmin"], "content_type": ["planets", "planet"], "object_id": "3", "object_repr": "Земля", "action_flag": 2, "change_message": "[{\"changed\": {\"fields\": [\"\\u0422\\u0435\\u043a\\u0441\\u0442 \\u043f\\u043b\\u0430\\u043d\\u0435\\u0442\\u044b\", \"\\u0418\\u0437\\u043e\\u0431\\u0440\\u0430\\u0436\\u0435\\u043d\\u0438\\u0435\"]}}]"}}, {"model": "admin.logentry", "pk": 40, "fields": {"action_time": "2026-03-26T11:02:58.767Z", "user": ["LorAdmin"], "content_type": ["planets", "planet"], "object_id": "1", "object_repr": "Меркурий", "action_flag": 2, "change_message": "[{\"changed\": {\"fields\": [\"\\u0422\\u0435\\u043a\\u0441\\u0442 \\u043f\\u043b\\u0430\\u043d\\u0435\\u0442\\u044b\"]}}]"}}, {"model": "admin.logentry", "pk": 41, "fields": {"action_time": "2026-03-26T11:03:07.514Z", "user": ["LorAdmin"], "content_type": ["planets", "planet"], "object_id": "2", "object_repr": "Венера", "action_flag": 2, "change_message": "[{\"changed\": {\"fields\": [\"\\u0422\\u0435\\u043a\\u0441\\u0442 \\u043f\\u043b\\u0430\\u043d\\u0435\\u0442\\u044b\"]}}]"}}, {"model": "admin.logentry", "pk": 42, "fields": {"action_time": "2026-03-26T11:04:19.638Z", "user": ["LorAdmin"], "content_type": ["planets", "planet"], "object_id": "3", "object_repr": "Земля", "action_flag": 2, "change_message": "[{\"changed\": {\"fields\": [\"\\u0422\\u0435\\u043a\\u0441\\u0442 \\u043f\\u043b\\u0430\\u043d\\u0435\\u0442\\u044b\"]}}]"}}, {"model": "admin.logentry", "pk": 43, "fields": {"action_time": "2026-03-26T11:05:33.176Z", "user": ["LorAdmin"], "content_type": ["planets", "planet"], "object_id": "4", "object_repr": "Марс", "action_flag": 2, "change_message": "[{\"changed\": {\"fields\": [\"\\u0422\\u0435\\u043a\\u0441\\u0442 \\u043f\\u043b\\u0430\\u043d\\u0435\\u0442\\u044b\", \"\\u0418\\u0437\\u043e\\u0431\\u0440\\u0430\\u0436\\u0435\\u043d\\u0438\\u0435\"]}}]"}}, {"model": "admin.logentry", "pk": 44, "fields": {"action_time": "2026-03-26T11:07:27.957Z", "user": ["LorAdmin"], "content_type": ["planets", "planet"], "object_id": "5", "object_repr": "Юпитер", "action_flag": 2, "change_message": "[{\"changed\": {\"fields\": [\"\\u0422\\u0435\\u043a\\u0441\\u0442 \\u043f\\u043b\\u0430\\u043d\\u0435\\u0442\\u044b\", \"\\u0418\\u0437\\u043e\\u0431\\u0440\\u0430\\u0436\\u0435\\u043d\\u0438\\u0435\"]}}]"}}, {"model": "admin.logentry", "pk": 45, "fields": {"action_time": "2026-03-26T11:08:36.874Z", "user": ["LorAdmin"], "content_type": ["planets", "planet"], "object_id": "6", "object_repr": "Сатурн", "action_flag": 2, "change_message": "[{\"changed\": {\"fields\": [\"\\u0422\\u0435\\u043a\\u0441\\u0442 \\u043f\\u043b\\u0430\\u043d\\u0435\\u0442\\u044b\", \"\\u0418\\u0437\\u043e\\u0431\\u0440\\u0430\\u0436\\u0435\\u043d\\u0438\\u0435\"]}}]"}}, {"model": "admin.logentry", "pk": 46, "fields": {"action_time": "2026-03-26T11:10:22.570Z", "user": ["LorAdmin"], "content_type": ["planets", "planet"], "object_id": "7", "object_repr": "Уран", "action_flag": 2, "change_message": "[{\"changed\": {\"fields\": [\"\\u0422\\u0435\\u043a\\u0441\\u0442 \\u043f\\u043b\\u0430\\u043d\\u0435\\u0442\\u044b\", \"\\u0418\\u0437\\u043e\\u0431\\u0440\\u0430\\u0436\\u0435\\u043d\\u0438\\u0435\"]}}]"}}, {"model": "admin.logentry", "pk": 47, "fields": {"action_time": "2026-03-26T11:10:55.130Z", "user": ["LorAdmin"], "content_type": ["planets", "planet"], "object_id": "8", "object_repr": "Нептун", "action_flag": 2, "change_message": "[{\"changed\": {\"fields\": [\"\\u0422\\u0435\\u043a\\u0441\\u0442 \\u043f\\u043b\\u0430\\u043d\\u0435\\u0442\\u044b\"]}}]"}}, {"model": "admin.logentry", "pk": 48, "fields": {"action_time": "2026-03-26T11:11:44.346Z", "user": ["LorAdmin"], "content_type": ["planets", "planet"], "object_id": "4", "object_repr": "Марс", "action_flag": 2, "change_message": "[{\"changed\": {\"fields\": [\"\\u0422\\u0435\\u043a\\u0441\\u0442 \\u043f\\u043b\\u0430\\u043d\\u0435\\u0442\\u044b\"]}}]"}}, {"model": "admin.logentry", "pk": 49, "fields": {"action_time": "2026-03-26T11:13:00.078Z", "user": ["LorAdmin"], "content_type": ["planets", "planet"], "object_id": "5", "object_repr": "Юпитер", "action_flag": 2, "change_message": "[{\"changed\": {\"fields\": [\"\\u0422\\u0435\\u043a\\u0441\\u0442 \\u043f\\u043b\\u0430\\u043d\\u0435\\u0442\\u044b\"]}}]"}}, {"model": "admin.logentry", "pk": 50, "fields": {"action_time": "2026-03-26T11:13:44.470Z", "user": ["LorAdmin"], "content_type": ["planets", "planet"], "object_id": "6", "object_repr": "Сатурн", "action_flag": 2, "change_message": "[{\"changed\": {\"fields\": [\"\\u0422\\u0435\\u043a\\u0441\\u0442 \\u043f\\u043b\\u0430\\u043d\\u0435\\u0442\\u044b\"]}}]"}}, {"model": "admin.logentry", "pk": 51, "fields": {"action_time": "2026-03-26T11:15:14.389Z", "user": ["LorAdmin"], "content_type": ["planets", "planet"], "object_id": "7", "object_repr": "Уран", "action_flag": 2, "change_message": "[{\"changed\": {\"fields\": [\"\\u0422\\u0435\\u043a\\u0441\\u0442 \\u043f\\u043b\\u0430\\u043d\\u0435\\u0442\\u044b\"]}}]"}}, {"model": "admin.logentry", "pk": 52, "fields": {"action_time": "2026-03-26T11:16:09.093Z", "user": ["LorAdmin"], "content_type": ["planets", "planet"], "object_id": "8", "object_repr": "Нептун", "action_flag": 2, "change_message": "[{\"changed\": {\"fields\": [\"\\u0422\\u0435\\u043a\\u0441\\u0442 \\u043f\\u043b\\u0430\\u043d\\u0435\\u0442\\u044b\", \"\\u0418\\u0437\\u043e\\u0431\\u0440\\u0430\\u0436\\u0435\\u043d\\u0438\\u0435\"]}}]"}}, {"model": "admin.logentry", "pk": 53, "fields": {"action_time": "2026-03-26T11:25:08.856Z", "user": ["LorAdmin"], "content_type": ["planets", "satellite"], "object_id": "28", "object_repr": "Деймос", "action_flag": 1, "change_message": "[{\"added\": {}}]"}}, {"model": "admin.logentry", "pk": 54, "fields": {"action_time": "2026-03-26T11:26:19.180Z", "user": ["LorAdmin"], "content_type": ["planets", "satellite"], "object_id": "29", "object_repr": "Титан", "action_flag": 1, "change_message": "[{\"added\": {}}]"}}, {"model": "admin.logentry", "pk": 55, "fields": {"action_time": "2026-03-26T11:26:42.876Z", "user": ["LorAdmin"], "content_type": ["planets", "satellite"], "object_id": "30", "object_repr": "Рея", "action_flag": 1, "change_message": "[{\"added\": {}}]"}}, {"model": "admin.logentry", "pk": 56, "fields": {"action_time": "2026-03-26T12:01:53.808Z", "user": ["LorAdmin"], "content_type": ["planets", "satellite"], "object_id": "2", "object_repr": "МКС", "action_flag": 2, "change_message": "[{\"changed\": {\"fields\": [\"\\u0422\\u0435\\u043a\\u0441\\u0442 \\u0441\\u043f\\u0443\\u0442\\u043d\\u0438\\u043a\\u0430\", \"\\u0418\\u0437\\u043e\\u0431\\u0440\\u0430\\u0436\\u0435\\u043d\\u0438\\u0435\"]}}]"}}, {"model": "admin.logentry", "pk": 57, "fields": {"action_time": "2026-03-26T12:02:59.580Z", "user": ["LorAdmin"], "content_type": ["planets", "satellite"], "object_id": "1", "object_repr": "Луна", "action_flag": 2, "change_message": "[{\"changed\": {\"fields\": [\"\\u0422\\u0435\\u043a\\u0441\\u0442 \\u0441\\u043f\\u0443\\u0442\\u043d\\u0438\\u043a\\u0430\", \"\\u0418\\u0437\\u043e\\u0431\\u0440\\u0430\\u0436\\u0435\\u043d\\u0438\\u0435\"]}}]"}}, {"model": "admin.logentry", "pk": 58, "fields": {"action_time": "2026-03-27T13:21:56.634Z", "user": ["LorAdmin"], "content_type": ["planets", "planet"], "object_id": "2", "object_repr": "Венера", "action_flag": 2, "change_message": "[{\"changed\": {\"fields\": [\"\\u0422\\u0435\\u043a\\u0441\\u0442 \\u043f\\u043b\\u0430\\u043d\\u0435\\u0442\\u044b\"]}}]"}}, {"model": "admin.logentry", "pk": 59, "fields": {"action_time": "2026-03-27T13:25:39.398Z", "user": ["LorAdmin"], "content_type": ["planets", "planet"], "object_id": "2", "object_repr": "Венера", "action_flag": 2, "change_message": "[{\"changed\": {\"fields\": [\"\\u0422\\u0435\\u043a\\u0441\\u0442 \\u043f\\u043b\\u0430\\u043d\\u0435\\u0442\\u044b\"]}}]"}}, {"model": "admin.logentry", "pk": 60, "fields": {"action_time": "2026-03-27T13:31:53.048Z", "user": ["LorAdmin"], "content_type": ["planets", "planet"], "object_id": "2", "object_repr": "Венера", "action_flag": 2, "change_message": "[{\"changed\": {\"fields\": [\"\\u0422\\u0435\\u043a\\u0441\\u0442 \\u043f\\u043b\\u0430\\u043d\\u0435\\u0442\\u044b\"]}}]"}}, {"model": "admin.logentry", "pk": 61, "fields": {"action_time": "2026-03-27T13:32:22.351Z", "user": ["LorAdmin"], "content_type": ["planets", "planet"], "object_id": "2", "object_repr": "Венера", "action_flag": 2, "change_message": "[{\"changed\": {\"fields\": [\"\\u0422\\u0435\\u043a\\u0441\\u0442 \\u043f\\u043b\\u0430\\u043d\\u0435\\u0442\\u044b\"]}}]"}}, {"model": "admin.logentry", "pk": 62, "fields": {"action_time": "2026-03-28T08:25:28.808Z", "user": ["LorAdmin"], "content_type": ["planets", "planet"], "object_id": "1", "object_repr": "Меркурий", "action_flag": 2, "change_message": "[{\"changed\": {\"fields\": [\"\\u0422\\u0435\\u043a\\u0441\\u0442 \\u043f\\u043b\\u0430\\u043d\\u0435\\u0442\\u044b\"]}}]"}}, {"model": "admin.logentry", "pk": 63, "fields": {"action_time": "2026-03-28T08:30:38.128Z", "user": ["LorAdmin"], "content_type": ["planets", "planet"], "object_id": "3", "object_repr": "Земля", "action_flag": 2, "change_message": "[{\"changed\": {\"fields\": [\"\\u0422\\u0435\\u043a\\u0441\\u0442 \\u043f\\u043b\\u0430\\u043d\\u0435\\u0442\\u044b\"]}}]"}}, {"model": "admin.logentry", "pk": 64, "fields": {"action_time": "2026-03-28T08:30:58.779Z", "user": ["LorAdmin"], "content_type": ["planets", "planet"], "object_id": "3", "object_repr": "Земля", "action_flag": 2, "change_message": "[{\"changed\": {\"fields\": [\"\\u0422\\u0435\\u043a\\u0441\\u0442 \\u043f\\u043b\\u0430\\u043d\\u0435\\u0442\\u044b\"]}}]"}}, {"model": "admin.logentry", "pk": 65, "fields": {"action_time": "2026-03-28T08:40:01.226Z", "user": ["LorAdmin"], "content_type": ["planets", "planet"], "object_id": "4", "object_repr": "Марс", "action_flag": 2, "change_message": "[{\"changed\": {\"fields\": [\"\\u0422\\u0435\\u043a\\u0441\\u0442 \\u043f\\u043b\\u0430\\u043d\\u0435\\u0442\\u044b\"]}}]"}}, {"model": "admin.logentry", "pk": 66, "fields": {"action_time": "2026-03-28T08:40:14.373Z", "user": ["LorAdmin"], "content_type": ["planets", "planet"], "object_id": "4", "object_repr": "Марс", "action_flag": 2, "change_message": "[{\"changed\": {\"fields\": [\"\\u0422\\u0435\\u043a\\u0441\\u0442 \\u043f\\u043b\\u0430\\u043d\\u0435\\u0442\\u044b\"]}}]"}}, {"model": "admin.logentry", "pk": 67, "fields": {"action_time": "2026-03-28T08:47:45.437Z", "user": ["LorAdmin"], "content_type": ["planets", "planet"], "object_id": "5", "object_repr": "Юпитер", "action_flag": 2, "change_message": "[{\"changed\": {\"fields\": [\"\\u0422\\u0435\\u043a\\u0441\\u0442 \\u043f\\u043b\\u0430\\u043d\\u0435\\u0442\\u044b\"]}}]"}}, {"model": "admin.logentry", "pk": 68, "fields": {"action_time": "2026-03-28T09:27:40.336Z", "user": ["LorAdmin"], "content_type": ["planets", "planet"], "object_id": "6", "object_repr": "Сатурн", "action_flag": 2, "change_message": "[{\"changed\": {\"fields\": [\"\\u0422\\u0435\\u043a\\u0441\\u0442 \\u043f\\u043b\\u0430\\u043d\\u0435\\u0442\\u044b\"]}}]"}}, {"model": "admin.logentry", "pk": 69, "fields": {"action_time": "2026-03-28T09:38:20.106Z", "user": ["LorAdmin"], "content_type": ["planets", "planet"], "object_id": "7", "object_repr": "Уран", "action_flag": 2, "change_message": "[{\"changed\": {\"fields\": [\"\\u0422\\u0435\\u043a\\u0441\\u0442 \\u043f\\u043b\\u0430\\u043d\\u0435\\u0442\\u044b\"]}}]"}}, {"model": "admin.logentry", "pk": 70, "fields": {"action_time": "2026-03-28T09:42:21.612Z", "user": ["LorAdmin"], "content_type": ["planets", "planet"], "object_id": "8", "object_repr": "Нептун", "action_flag": 2, "change_message": "[{\"changed\": {\"fields\": [\"\\u0422\\u0435\\u043a\\u0441\\u0442 \\u043f\\u043b\\u0430\\u043d\\u0435\\u0442\\u044b\"]}}]"}}, {"model": "admin.logentry", "pk": 71, "fields": {"action_time": "2026-03-28T09:51:57.058Z", "user": ["LorAdmin"], "content_type": ["planets", "satellite"], "object_id": "17", "object_repr": "Псамафа", "action_flag": 2, "change_message": "[{\"changed\": {\"fields\": [\"\\u0422\\u0435\\u043a\\u0441\\u0442 \\u0441\\u043f\\u0443\\u0442\\u043d\\u0438\\u043a\\u0430\", \"\\u0418\\u0437\\u043e\\u0431\\u0440\\u0430\\u0436\\u0435\\u043d\\u0438\\u0435\"]}}]"}}, {"model": "admin.logentry", "pk": 72, "fields": {"action_time": "2026-03-28T13:23:06.533Z", "user": ["LorAdmin"], "content_type": ["planets", "satellite"], "object_id": "17", "object_repr": "Псамафа", "action_flag": 2, "change_message": "[{\"changed\": {\"fields\": [\"\\u0422\\u0435\\u043a\\u0441\\u0442 \\u0441\\u043f\\u0443\\u0442\\u043d\\u0438\\u043a\\u0430\"]}}]"}}, {"model": "admin.logentry", "pk": 73, "fields": {"action_time": "2026-03-28T13:24:56.410Z", "user": ["LorAdmin"], "content_type": ["planets", "satellite"], "object_id": "16", "object_repr": "Нереида", "action_flag": 2, "change_message": "[{\"changed\": {\"fields\": [\"\\u0422\\u0435\\u043a\\u0441\\u0442 \\u0441\\u043f\\u0443\\u0442\\u043d\\u0438\\u043a\\u0430\", \"\\u0418\\u0437\\u043e\\u0431\\u0440\\u0430\\u0436\\u0435\\u043d\\u0438\\u0435\"]}}]"}}, {"model": "admin.logentry", "pk": 74, "fields": {"action_time": "2026-03-28T13:25:26.023Z", "user": ["LorAdmin"], "content_type": ["planets", "satellite"], "object_id": "15", "object_repr": "Тритон", "action_flag": 2, "change_message": "[{\"changed\": {\"fields\": [\"\\u0422\\u0435\\u043a\\u0441\\u0442 \\u0441\\u043f\\u0443\\u0442\\u043d\\u0438\\u043a\\u0430\", \"\\u0418\\u0437\\u043e\\u0431\\u0440\\u0430\\u0436\\u0435\\u043d\\u0438\\u0435\"]}}]"}}, {"model": "admin.logentry", "pk": 75, "fields": {"action_time": "2026-03-28T13:28:29.404Z", "user": ["LorAdmin"], "content_type": ["planets", "satellite"], "object_id": "14", "object_repr": "Франциско", "action_flag": 2, "change_message": "[{\"changed\": {\"fields\": [\"\\u0422\\u0435\\u043a\\u0441\\u0442 \\u0441\\u043f\\u0443\\u0442\\u043d\\u0438\\u043a\\u0430\", \"\\u0418\\u0437\\u043e\\u0431\\u0440\\u0430\\u0436\\u0435\\u043d\\u0438\\u0435\"]}}]"}}, {"model": "admin.logentry", "pk": 76, "fields": {"action_time": "2026-03-28T13:29:21.865Z", "user": ["LorAdmin"], "content_type": ["planets", "satellite"], "object_id": "13", "object_repr": "Сикоракса", "action_flag": 2, "change_message": "[{\"changed\": {\"fields\": [\"\\u0422\\u0435\\u043a\\u0441\\u0442 \\u0441\\u043f\\u0443\\u0442\\u043d\\u0438\\u043a\\u0430\", \"\\u0418\\u0437\\u043e\\u0431\\u0440\\u0430\\u0436\\u0435\\u043d\\u0438\\u0435\"]}}]"}}, {"model": "admin.logentry", "pk": 77, "fields": {"action_time": "2026-03-28T13:30:16.900Z", "user": ["LorAdmin"], "content_type": ["planets", "satellite"], "object_id": "12", "object_repr": "Титания", "action_flag": 2, "change_message": "[{\"changed\": {\"fields\": [\"\\u0422\\u0435\\u043a\\u0441\\u0442 \\u0441\\u043f\\u0443\\u0442\\u043d\\u0438\\u043a\\u0430\", \"\\u0418\\u0437\\u043e\\u0431\\u0440\\u0430\\u0436\\u0435\\u043d\\u0438\\u0435\"]}}]"}}, {"model": "admin.logentry", "pk": 78, "fields": {"action_time": "2026-03-28T13:31:51.938Z", "user": ["LorAdmin"], "content_type": ["planets", "satellite"], "object_id": "29", "object_repr": "Титан", "action_flag": 3, "change_message": ""}}, {"model": "admin.logentry", "pk": 79, "fields": {"action_time": "2026-03-28T13:32:54.176Z", "user": ["LorAdmin"], "content_type": ["planets", "satellite"], "object_id": "30", "object_repr": "Рея", "action_flag": 2, "change_message": "[{\"changed\": {\"fields\": [\"\\u0422\\u0435\\u043a\\u0441\\u0442 \\u0441\\u043f\\u0443\\u0442\\u043d\\u0438\\u043a\\u0430\", \"\\u0418\\u0437\\u043e\\u0431\\u0440\\u0430\\u0436\\u0435\\u043d\\u0438\\u0435\"]}}]"}}, {"model": "admin.logentry", "pk": 80, "fields": {"action_time": "2026-03-28T13:33:34.768Z", "user": ["LorAdmin"], "content_type": ["planets", "satellite"], "object_id": "11", "object_repr": "Альбиорикс", "action_flag": 2, "change_message": "[{\"changed\": {\"fields\": [\"\\u0422\\u0435\\u043a\\u0441\\u0442 \\u0441\\u043f\\u0443\\u0442\\u043d\\u0438\\u043a\\u0430\", \"\\u0418\\u0437\\u043e\\u0431\\u0440\\u0430\\u0436\\u0435\\u043d\\u0438\\u0435\"]}}]"}}, {"model": "admin.logentry", "pk": 81, "fields": {"action_time": "2026-03-28T13:34:11.420Z", "user": ["LorAdmin"], "content_type": ["planets", "satellite"], "object_id": "10", "object_repr": "Феба", "action_flag": 2, "change_message": "[{\"changed\": {\"fields\": [\"\\u0422\\u0435\\u043a\\u0441\\u0442 \\u0441\\u043f\\u0443\\u0442\\u043d\\u0438\\u043a\\u0430\", \"\\u0418\\u0437\\u043e\\u0431\\u0440\\u0430\\u0436\\u0435\\u043d\\u0438\\u0435\"]}}]"}}, {"model": "admin.logentry", "pk": 82, "fields": {"action_time": "2026-03-28T13:35:01.977Z", "user": ["LorAdmin"], "content_type": ["planets", "satellite"], "object_id": "9", "object_repr": "Титан", "action_flag": 2, "change_message": "[{\"changed\": {\"fields\": [\"\\u0422\\u0435\\u043a\\u0441\\u0442 \\u0441\\u043f\\u0443\\u0442\\u043d\\u0438\\u043a\\u0430\", \"\\u0418\\u0437\\u043e\\u0431\\u0440\\u0430\\u0436\\u0435\\u043d\\u0438\\u0435\"]}}]"}}, {"model": "admin.logentry", "pk": 83, "fields": {"action_time": "2026-03-28T13:40:20.562Z", "user": ["LorAdmin"], "content_type": ["planets", "satellite"], "object_id": "5", "object_repr": "Ганимед", "action_flag": 2, "change_message": "[{\"changed\": {\"fields\": [\"\\u0422\\u0435\\u043a\\u0441\\u0442 \\u0441\\u043f\\u0443\\u0442\\u043d\\u0438\\u043a\\u0430\", \"\\u0418\\u0437\\u043e\\u0431\\u0440\\u0430\\u0436\\u0435\\u043d\\u0438\\u0435\"]}}]"}}, {"model": "admin.logentry", "pk": 84, "fields": {"action_time": "2026-03-28T13:41:02.384Z", "user": ["LorAdmin"], "content_type": ["planets", "satellite"], "object_id": "6", "object_repr": "Гималия", "action_flag": 2, "change_message": "[{\"changed\": {\"fields\": [\"\\u0422\\u0435\\u043a\\u0441\\u0442 \\u0441\\u043f\\u0443\\u0442\\u043d\\u0438\\u043a\\u0430\", \"\\u0418\\u0437\\u043e\\u0431\\u0440\\u0430\\u0436\\u0435\\u043d\\u0438\\u0435\"]}}]"}}, {"model": "admin.logentry", "pk": 85, "fields": {"action_time": "2026-03-28T13:42:40.997Z", "user": ["LorAdmin"], "content_type": ["planets", "satellite"], "object_id": "7", "object_repr": "Карме", "action_flag": 2, "change_message": "[{\"changed\": {\"fields\": [\"\\u0422\\u0435\\u043a\\u0441\\u0442 \\u0441\\u043f\\u0443\\u0442\\u043d\\u0438\\u043a\\u0430\", \"\\u0418\\u0437\\u043e\\u0431\\u0440\\u0430\\u0436\\u0435\\u043d\\u0438\\u0435\"]}}]"}}, {"model": "admin.logentry", "pk": 86, "fields": {"action_time": "2026-03-28T13:43:58.507Z", "user": ["LorAdmin"], "content_type": ["planets", "satellite"], "object_id": "24", "object_repr": "JUICE", "action_flag": 2, "change_message": "[{\"changed\": {\"fields\": [\"\\u0422\\u0435\\u043a\\u0441\\u0442 \\u0441\\u043f\\u0443\\u0442\\u043d\\u0438\\u043a\\u0430\", \"\\u0418\\u0437\\u043e\\u0431\\u0440\\u0430\\u0436\\u0435\\u043d\\u0438\\u0435\"]}}]"}}, {"model": "admin.logentry", "pk": 87, "fields": {"action_time": "2026-03-28T13:45:02.860Z", "user": ["LorAdmin"], "content_type": ["planets", "satellite"], "object_id": "25", "object_repr": "Europa Clipper", "action_flag": 2, "change_message": "[{\"changed\": {\"fields\": [\"\\u0422\\u0435\\u043a\\u0441\\u0442 \\u0441\\u043f\\u0443\\u0442\\u043d\\u0438\\u043a\\u0430\", \"\\u0418\\u0437\\u043e\\u0431\\u0440\\u0430\\u0436\\u0435\\u043d\\u0438\\u0435\"]}}]"}}, {"model": "admin.logentry", "pk": 88, "fields": {"action_time": "2026-03-28T13:47:51.204Z", "user": ["LorAdmin"], "content_type": ["planets", "satellite"], "object_id": "31", "object_repr": "Juno", "action_flag": 1, "change_message": "[{\"added\": {}}]"}}, {"model": "admin.logentry", "pk": 89, "fields": {"action_time": "2026-03-28T13:50:23.736Z", "user": ["LorAdmin"], "content_type": ["planets", "satellite"], "object_id": "3", "object_repr": "Фобос", "action_flag": 2, "change_message": "[{\"changed\": {\"fields\": [\"\\u0422\\u0435\\u043a\\u0441\\u0442 \\u0441\\u043f\\u0443\\u0442\\u043d\\u0438\\u043a\\u0430\", \"\\u0418\\u0437\\u043e\\u0431\\u0440\\u0430\\u0436\\u0435\\u043d\\u0438\\u0435\"]}}]"}}, {"model": "admin.logentry", "pk": 90, "fields": {"action_time": "2026-03-28T13:50:59.238Z", "user": ["LorAdmin"], "content_type": ["planets", "satellite"], "object_id": "28", "object_repr": "Деймос", "action_flag": 2, "change_message": "[{\"changed\": {\"fields\": [\"\\u0422\\u0435\\u043a\\u0441\\u0442 \\u0441\\u043f\\u0443\\u0442\\u043d\\u0438\\u043a\\u0430\", \"\\u0418\\u0437\\u043e\\u0431\\u0440\\u0430\\u0436\\u0435\\u043d\\u0438\\u0435\"]}}]"}}, {"model": "admin.logentry", "pk": 91, "fields": {"action_time": "2026-03-28T13:50:59.456Z", "user": ["LorAdmin"], "content_type": ["planets", "satellite"], "object_id": "28", "object_repr": "Деймос", "action_flag": 2, "change_message": "[{\"changed\": {\"fields\": [\"\\u0418\\u0437\\u043e\\u0431\\u0440\\u0430\\u0436\\u0435\\u043d\\u0438\\u0435\"]}}]"}}, {"model": "admin.logentry", "pk": 92, "fields": {"action_time": "2026-03-28T13:52:12.153Z", "user": ["LorAdmin"], "content_type": ["planets", "satellite"], "object_id": "22", "object_repr": "Mars Express", "action_flag": 2, "change_message": "[{\"changed\": {\"fields\": [\"\\u0422\\u0435\\u043a\\u0441\\u0442 \\u0441\\u043f\\u0443\\u0442\\u043d\\u0438\\u043a\\u0430\", \"\\u0418\\u0437\\u043e\\u0431\\u0440\\u0430\\u0436\\u0435\\u043d\\u0438\\u0435\"]}}]"}}, {"model": "admin.logentry", "pk": 93, "fields": {"action_time": "2026-03-28T13:52:50.843Z", "user": ["LorAdmin"], "content_type": ["planets", "satellite"], "object_id": "21", "object_repr": "MAVEN", "action_flag": 2, "change_message": "[{\"changed\": {\"fields\": [\"\\u0422\\u0435\\u043a\\u0441\\u0442 \\u0441\\u043f\\u0443\\u0442\\u043d\\u0438\\u043a\\u0430\", \"\\u0418\\u0437\\u043e\\u0431\\u0440\\u0430\\u0436\\u0435\\u043d\\u0438\\u0435\"]}}]"}}, {"model": "admin.logentry", "pk": 94, "fields": {"action_time": "2026-03-28T13:53:31.574Z", "user": ["LorAdmin"], "content_type": ["planets", "satellite"], "object_id": "20", "object_repr": "MRO", "action_flag": 2, "change_message": "[{\"changed\": {\"fields\": [\"\\u0422\\u0435\\u043a\\u0441\\u0442 \\u0441\\u043f\\u0443\\u0442\\u043d\\u0438\\u043a\\u0430\", \"\\u0418\\u0437\\u043e\\u0431\\u0440\\u0430\\u0436\\u0435\\u043d\\u0438\\u0435\"]}}]"}}, {"model": "admin.logentry", "pk": 95, "fields": {"action_time": "2026-03-28T13:54:04.475Z", "user": ["LorAdmin"], "content_type": ["planets", "satellite"], "object_id": "4", "object_repr": "TGO (ExoMars)", "action_flag": 2, "change_message": "[{\"changed\": {\"fields\": [\"\\u0422\\u0435\\u043a\\u0441\\u0442 \\u0441\\u043f\\u0443\\u0442\\u043d\\u0438\\u043a\\u0430\", \"\\u0418\\u0437\\u043e\\u0431\\u0440\\u0430\\u0436\\u0435\\u043d\\u0438\\u0435\"]}}]"}}, {"model": "admin.logentry", "pk": 96, "fields": {"action_time": "2026-03-28T13:55:55.887Z", "user": ["LorAdmin"], "content_type": ["planets", "satellite"], "object_id": "19", "object_repr": "James Webb", "action_flag": 2, "change_message": "[{\"changed\": {\"fields\": [\"\\u0422\\u0435\\u043a\\u0441\\u0442 \\u0441\\u043f\\u0443\\u0442\\u043d\\u0438\\u043a\\u0430\", \"\\u0418\\u0437\\u043e\\u0431\\u0440\\u0430\\u0436\\u0435\\u043d\\u0438\\u0435\"]}}]"}}, {"model": "admin.logentry", "pk": 97, "fields": {"action_time": "2026-03-28T13:56:29.631Z", "user": ["LorAdmin"], "content_type": ["planets", "satellite"], "object_id": "18", "object_repr": "Hubble", "action_flag": 2, "change_message": "[{\"changed\": {\"fields\": [\"\\u0422\\u0435\\u043a\\u0441\\u0442 \\u0441\\u043f\\u0443\\u0442\\u043d\\u0438\\u043a\\u0430\", \"\\u0418\\u0437\\u043e\\u0431\\u0440\\u0430\\u0436\\u0435\\u043d\\u0438\\u0435\"]}}]"}}, {"model": "admin.logentry", "pk": 98, "fields": {"action_time": "2026-03-28T13:56:49.536Z", "user": ["LorAdmin"], "content_type": ["planets", "satellite"], "object_id": "2", "object_repr": "МКС", "action_flag": 2, "change_message": "[]"}}, {"model": "admin.logentry", "pk": 99, "fields": {"action_time": "2026-03-28T13:57:31.902Z", "user": ["LorAdmin"], "content_type": ["planets", "satellite"], "object_id": "2", "object_repr": "МКС", "action_flag": 2, "change_message": "[{\"changed\": {\"fields\": [\"\\u0422\\u0435\\u043a\\u0441\\u0442 \\u0441\\u043f\\u0443\\u0442\\u043d\\u0438\\u043a\\u0430\"]}}]"}}, {"model": "admin.logentry", "pk": 100, "fields": {"action_time": "2026-03-28T13:57:48.314Z", "user": ["LorAdmin"], "content_type": ["planets", "satellite"], "object_id": "1", "object_repr": "Луна", "action_flag": 2, "change_message": "[{\"changed\": {\"fields\": [\"\\u0422\\u0435\\u043a\\u0441\\u0442 \\u0441\\u043f\\u0443\\u0442\\u043d\\u0438\\u043a\\u0430\"]}}]"}}, {"model": "admin.logentry", "pk": 101, "fields": {"action_time": "2026-03-28T13:58:33.590Z", "user": ["LorAdmin"], "content_type": ["planets", "satellite"], "object_id": "26", "object_repr": "Akatsuki", "action_flag": 2, "change_message": "[{\"changed\": {\"fields\": [\"\\u0422\\u0435\\u043a\\u0441\\u0442 \\u0441\\u043f\\u0443\\u0442\\u043d\\u0438\\u043a\\u0430\", \"\\u0418\\u0437\\u043e\\u0431\\u0440\\u0430\\u0436\\u0435\\u043d\\u0438\\u0435\"]}}]"}}, {"model": "admin.logentry", "pk": 102, "fields": {"action_time": "2026-03-28T13:59:25.277Z", "user": ["LorAdmin"], "content_type": ["planets", "satellite"], "object_id": "27", "object_repr": "BepiColombo", "action_flag": 2, "change_message": "[{\"changed\": {\"fields\": [\"\\u0422\\u0435\\u043a\\u0441\\u0442 \\u0441\\u043f\\u0443\\u0442\\u043d\\u0438\\u043a\\u0430\", \"\\u0418\\u0437\\u043e\\u0431\\u0440\\u0430\\u0436\\u0435\\u043d\\u0438\\u0435\"]}}]"}}, {"model": "admin.logentry", "pk": 103, "fields": {"action_time": "2026-03-29T04:06:26.334Z", "user": ["LorAdmin"], "content_type": ["planets", "satellite"], "object_id": "27", "object_repr": "BepiColombo", "action_flag": 3, "change_message": ""}}, {"model": "admin.logentry", "pk": 104, "fields": {"action_time": "2026-03-29T04:06:30.698Z", "user": ["LorAdmin"], "content_type": ["planets", "satellite"], "object_id": "26", "object_repr": "Akatsuki", "action_flag": 3, "change_message": ""}}, {"model": "admin.logentry", "pk": 105, "fields": {"action_time": "2026-03-29T04:06:34.634Z", "user": ["LorAdmin"], "content_type": ["planets", "satellite"], "object_id": "25", "object_repr": "Europa Clipper", "action_flag": 3, "change_message": ""}}, {"model": "admin.logentry", "pk": 106, "fields": {"action_time": "2026-03-29T04:06:39.566Z", "user": ["LorAdmin"], "content_type": ["planets", "satellite"], "object_id": "24", "object_repr": "JUICE", "action_flag": 3, "change_message": ""}}, {"model": "admin.logentry", "pk": 107, "fields": {"action_time": "2026-03-29T04:06:43.681Z", "user": ["LorAdmin"], "content_type": ["planets", "satellite"], "object_id": "23", "object_repr": "Trace Gas Orbiter", "action_flag": 3, "change_message": ""}}, {"model": "admin.logentry", "pk": 108, "fields": {"action_time": "2026-03-29T04:06:48.183Z", "user": ["LorAdmin"], "content_type": ["planets", "satellite"], "object_id": "22", "object_repr": "Mars Express", "action_flag": 3, "change_message": ""}}, {"model": "admin.logentry", "pk": 109, "fields": {"action_time": "2026-03-29T04:06:51.868Z", "user": ["LorAdmin"], "content_type": ["planets", "satellite"], "object_id": "21", "object_repr": "MAVEN", "action_flag": 3, "change_message": ""}}, {"model": "admin.logentry", "pk": 110, "fields": {"action_time": "2026-03-29T04:06:55.484Z", "user": ["LorAdmin"], "content_type": ["planets", "satellite"], "object_id": "20", "object_repr": "MRO", "action_flag": 3, "change_message": ""}}, {"model": "admin.logentry", "pk": 111, "fields": {"action_time": "2026-03-29T04:06:59.095Z", "user": ["LorAdmin"], "content_type": ["planets", "satellite"], "object_id": "19", "object_repr": "James Webb", "action_flag": 3, "change_message": ""}}, {"model": "admin.logentry", "pk": 112, "fields": {"action_time": "2026-03-29T04:07:02.626Z", "user": ["LorAdmin"], "content_type": ["planets", "satellite"], "object_id": "18", "object_repr": "Hubble", "action_flag": 3, "change_message": ""}}, {"model": "admin.logentry", "pk": 113, "fields": {"action_time": "2026-03-29T04:07:05.767Z", "user": ["LorAdmin"], "content_type": ["planets", "satellite"], "object_id": "8", "object_repr": "Юнона", "action_flag": 3, "change_message": ""}}, {"model": "admin.logentry", "pk": 114, "fields": {"action_time": "2026-03-29T04:07:09.748Z", "user": ["LorAdmin"], "content_type": ["planets", "satellite"], "object_id": "4", "object_repr": "TGO (ExoMars)", "action_flag": 3, "change_message": ""}}, {"model": "admin.logentry", "pk": 115, "fields": {"action_time": "2026-03-29T04:07:14.868Z", "user": ["LorAdmin"], "content_type": ["planets", "satellite"], "object_id": "2", "object_repr": "МКС", "action_flag": 3, "change_message": ""}}, {"model": "admin.logentry", "pk": 116, "fields": {"action_time": "2026-03-29T04:43:42.954Z", "user": ["LorAdmin"], "content_type": ["planets", "spaceagency"], "object_id": "1", "object_repr": "NASA", "action_flag": 1, "change_message": "[{\"added\": {}}]"}}, {"model": "admin.logentry", "pk": 117, "fields": {"action_time": "2026-03-29T04:50:59.604Z", "user": ["LorAdmin"], "content_type": ["planets", "spaceagency"], "object_id": "1", "object_repr": "NASA", "action_flag": 2, "change_message": "[{\"changed\": {\"fields\": [\"\\u0418\\u0437\\u043e\\u0431\\u0440\\u0430\\u0436\\u0435\\u043d\\u0438\\u0435 \\u0430\\u0433\\u0435\\u043d\\u0442\\u0441\\u0442\\u0432\\u0430\"]}}]"}}, {"model": "admin.logentry", "pk": 118, "fields": {"action_time": "2026-03-29T04:53:18.532Z", "user": ["LorAdmin"], "content_type": ["planets", "spaceagency"], "object_id": "2", "object_repr": "ESA", "action_flag": 1, "change_message": "[{\"added\": {}}]"}}, {"model": "admin.logentry", "pk": 119, "fields": {"action_time": "2026-03-29T04:54:27.516Z", "user": ["LorAdmin"], "content_type": ["planets", "spaceagency"], "object_id": "3", "object_repr": "Роскосмос", "action_flag": 1, "change_message": "[{\"added\": {}}]"}}, {"model": "admin.logentry", "pk": 120, "fields": {"action_time": "2026-03-29T04:55:23.591Z", "user": ["LorAdmin"], "content_type": ["planets", "spaceagency"], "object_id": "4", "object_repr": "JAXA", "action_flag": 1, "change_message": "[{\"added\": {}}]"}}, {"model": "admin.logentry", "pk": 121, "fields": {"action_time": "2026-03-29T04:56:15.796Z", "user": ["LorAdmin"], "content_type": ["planets", "spaceagency"], "object_id": "5", "object_repr": "CNSA", "action_flag": 1, "change_message": "[{\"added\": {}}]"}}, {"model": "admin.logentry", "pk": 122, "fields": {"action_time": "2026-03-29T04:57:18.498Z", "user": ["LorAdmin"], "content_type": ["planets", "spaceagency"], "object_id": "6", "object_repr": "ISRO", "action_flag": 1, "change_message": "[{\"added\": {}}]"}}, {"model": "admin.logentry", "pk": 123, "fields": {"action_time": "2026-03-29T07:02:00.043Z", "user": ["LorAdmin"], "content_type": ["planets", "spaceagency"], "object_id": "7", "object_repr": "CSA", "action_flag": 1, "change_message": "[{\"added\": {}}]"}}, {"model": "admin.logentry", "pk": 124, "fields": {"action_time": "2026-03-29T07:04:06.973Z", "user": ["LorAdmin"], "content_type": ["planets", "mission"], "object_id": "1", "object_repr": "МКС", "action_flag": 1, "change_message": "[{\"added\": {}}]"}}, {"model": "admin.logentry", "pk": 125, "fields": {"action_time": "2026-03-29T07:12:35.076Z", "user": ["LorAdmin"], "content_type": ["planets", "mission"], "object_id": "2", "object_repr": "Hubble", "action_flag": 1, "change_message": "[{\"added\": {}}]"}}, {"model": "admin.logentry", "pk": 126, "fields": {"action_time": "2026-03-29T07:14:19.390Z", "user": ["LorAdmin"], "content_type": ["planets", "mission"], "object_id": "3", "object_repr": "James Webb", "action_flag": 1, "change_message": "[{\"added\": {}}]"}}, {"model": "admin.logentry", "pk": 127, "fields": {"action_time": "2026-03-29T07:16:50.926Z", "user": ["LorAdmin"], "content_type": ["planets", "mission"], "object_id": "4", "object_repr": "Mars Express", "action_flag": 1, "change_message": "[{\"added\": {}}]"}}, {"model": "admin.logentry", "pk": 128, "fields": {"action_time": "2026-03-29T07:35:35.721Z", "user": ["LorAdmin"], "content_type": ["planets", "mission"], "object_id": "5", "object_repr": "MRO", "action_flag": 1, "change_message": "[{\"added\": {}}]"}}, {"model": "admin.logentry", "pk": 129, "fields": {"action_time": "2026-03-29T07:54:42.868Z", "user": ["LorAdmin"], "content_type": ["planets", "mission"], "object_id": "5", "object_repr": "MRO", "action_flag": 2, "change_message": "[{\"changed\": {\"fields\": [\"\\u0418\\u0437\\u043e\\u0431\\u0440\\u0430\\u0436\\u0435\\u043d\\u0438\\u0435 \\u043c\\u0438\\u0441\\u0441\\u0438\\u0438\"]}}]"}}, {"model": "admin.logentry", "pk": 130, "fields": {"action_time": "2026-03-29T08:32:39.071Z", "user": ["LorAdmin"], "content_type": ["planets", "mission"], "object_id": "6", "object_repr": "MAVEN", "action_flag": 1, "change_message": "[{\"added\": {}}]"}}, {"model": "admin.logentry", "pk": 131, "fields": {"action_time": "2026-03-29T08:34:38.471Z", "user": ["LorAdmin"], "content_type": ["planets", "mission"], "object_id": "7", "object_repr": "Juno", "action_flag": 1, "change_message": "[{\"added\": {}}]"}}, {"model": "admin.logentry", "pk": 132, "fields": {"action_time": "2026-03-29T08:37:34.711Z", "user": ["LorAdmin"], "content_type": ["planets", "satellite"], "object_id": "32", "object_repr": "Европа", "action_flag": 1, "change_message": "[{\"added\": {}}]"}}, {"model": "admin.logentry", "pk": 133, "fields": {"action_time": "2026-03-29T08:39:16.654Z", "user": ["LorAdmin"], "content_type": ["planets", "mission"], "object_id": "8", "object_repr": "Europa Clipper", "action_flag": 1, "change_message": "[{\"added\": {}}]"}}, {"model": "admin.logentry", "pk": 134, "fields": {"action_time": "2026-03-29T08:42:13.337Z", "user": ["LorAdmin"], "content_type": ["planets", "satellite"], "object_id": "33", "object_repr": "Каллисто", "action_flag": 1, "change_message": "[{\"added\": {}}]"}}, {"model": "admin.logentry", "pk": 135, "fields": {"action_time": "2026-03-29T08:43:10.552Z", "user": ["LorAdmin"], "content_type": ["planets", "mission"], "object_id": "9", "object_repr": "JUICE", "action_flag": 1, "change_message": "[{\"added\": {}}]"}}, {"model": "admin.logentry", "pk": 136, "fields": {"action_time": "2026-03-29T08:44:29.685Z", "user": ["LorAdmin"], "content_type": ["planets", "mission"], "object_id": "9", "object_repr": "JUICE", "action_flag": 2, "change_message": "[]"}}, {"model": "admin.logentry", "pk": 137, "fields": {"action_time": "2026-03-29T08:46:03.812Z", "user": ["LorAdmin"], "content_type": ["planets", "mission"], "object_id": "10", "object_repr": "Akatsuki", "action_flag": 1, "change_message": "[{\"added\": {}}]"}}, {"model": "admin.logentry", "pk": 138, "fields": {"action_time": "2026-03-29T08:48:02.553Z", "user": ["LorAdmin"], "content_type": ["planets", "mission"], "object_id": "11", "object_repr": "BepiColombo", "action_flag": 1, "change_message": "[{\"added\": {}}]"}}, {"model": "admin.logentry", "pk": 139, "fields": {"action_time": "2026-03-29T08:53:46.480Z", "user": ["LorAdmin"], "content_type": ["planets", "mission"], "object_id": "12", "object_repr": "Фобос-Грунт", "action_flag": 1, "change_message": "[{\"added\": {}}]"}}, {"model": "admin.logentry", "pk": 140, "fields": {"action_time": "2026-03-29T08:55:08.455Z", "user": ["LorAdmin"], "content_type": ["planets", "mission"], "object_id": "13", "object_repr": "Mars Climate Orbiter", "action_flag": 1, "change_message": "[{\"added\": {}}]"}}, {"model": "admin.logentry", "pk": 141, "fields": {"action_time": "2026-03-29T08:56:23.787Z", "user": ["LorAdmin"], "content_type": ["planets", "mission"], "object_id": "14", "object_repr": "Прогресс М-12М", "action_flag": 1, "change_message": "[{\"added\": {}}]"}}, {"model": "admin.logentry", "pk": 142, "fields": {"action_time": "2026-03-29T08:57:41.971Z", "user": ["LorAdmin"], "content_type": ["planets", "mission"], "object_id": "15", "object_repr": "Mars 96", "action_flag": 1, "change_message": "[{\"added\": {}}]"}}, {"model": "admin.logentry", "pk": 143, "fields": {"action_time": "2026-03-29T08:58:56.965Z", "user": ["LorAdmin"], "content_type": ["planets", "mission"], "object_id": "16", "object_repr": "Genesis", "action_flag": 1, "change_message": "[{\"added\": {}}]"}}, {"model": "admin.logentry", "pk": 144, "fields": {"action_time": "2026-03-29T09:10:29.547Z", "user": ["LorAdmin"], "content_type": ["planets", "spaceagency"], "object_id": "3", "object_repr": "Роскосмос/СССР", "action_flag": 2, "change_message": "[{\"changed\": {\"fields\": [\"\\u041d\\u0430\\u0437\\u0432\\u0430\\u043d\\u0438\\u0435 \\u0430\\u0433\\u0435\\u043d\\u0442\\u0441\\u0442\\u0432\\u0430\"]}}]"}}, {"model": "admin.logentry", "pk": 145, "fields": {"action_time": "2026-03-29T09:12:13.670Z", "user": ["LorAdmin"], "content_type": ["planets", "mission"], "object_id": "17", "object_repr": "Марс-3", "action_flag": 1, "change_message": "[{\"added\": {}}]"}}, {"model": "admin.logentry", "pk": 146, "fields": {"action_time": "2026-03-29T09:15:48.121Z", "user": ["LorAdmin"], "content_type": ["planets", "mission"], "object_id": "18", "object_repr": "Спутник-1", "action_flag": 1, "change_message": "[{\"added\": {}}]"}}, {"model": "admin.logentry", "pk": 147, "fields": {"action_time": "2026-03-29T09:25:07.454Z", "user": ["LorAdmin"], "content_type": ["planets", "mission"], "object_id": "19", "object_repr": "Восток-1", "action_flag": 1, "change_message": "[{\"added\": {}}]"}}, {"model": "admin.logentry", "pk": 148, "fields": {"action_time": "2026-03-29T09:26:28.239Z", "user": ["LorAdmin"], "content_type": ["planets", "mission"], "object_id": "20", "object_repr": "Венера-7", "action_flag": 1, "change_message": "[{\"added\": {}}]"}}, {"model": "admin.logentry", "pk": 149, "fields": {"action_time": "2026-03-29T09:27:47.805Z", "user": ["LorAdmin"], "content_type": ["planets", "mission"], "object_id": "21", "object_repr": "ExoMars Trace Gas Orbiter", "action_flag": 1, "change_message": "[{\"added\": {}}]"}}, {"model": "admin.logentry", "pk": 150, "fields": {"action_time": "2026-03-29T09:29:59.814Z", "user": ["LorAdmin"], "content_type": ["planets", "mission"], "object_id": "22", "object_repr": "Ресурс-П №5", "action_flag": 1, "change_message": "[{\"added\": {}}]"}}, {"model": "admin.logentry", "pk": 151, "fields": {"action_time": "2026-03-29T10:10:25.682Z", "user": ["LorAdmin"], "content_type": ["planets", "mission"], "object_id": "1", "object_repr": "МКС", "action_flag": 2, "change_message": "[{\"changed\": {\"fields\": [\"\\u0421\\u0442\\u0430\\u0442\\u0443\\u0441\", \"\\u0414\\u043b\\u0438\\u0442\\u0435\\u043b\\u044c\\u043d\\u043e\\u0441\\u0442\\u044c (\\u0434\\u043d\\u0435\\u0439)\"]}}]"}}, {"model": "admin.logentry", "pk": 152, "fields": {"action_time": "2026-03-29T10:10:31.018Z", "user": ["LorAdmin"], "content_type": ["planets", "mission"], "object_id": "2", "object_repr": "Hubble", "action_flag": 2, "change_message": "[{\"changed\": {\"fields\": [\"\\u0421\\u0442\\u0430\\u0442\\u0443\\u0441\", \"\\u0414\\u043b\\u0438\\u0442\\u0435\\u043b\\u044c\\u043d\\u043e\\u0441\\u0442\\u044c (\\u0434\\u043d\\u0435\\u0439)\"]}}]"}}, {"model": "admin.logentry", "pk": 153, "fields": {"action_time": "2026-03-29T10:10:37.459Z", "user": ["LorAdmin"], "content_type": ["planets", "mission"], "object_id": "3", "object_repr": "James Webb", "action_flag": 2, "change_message": "[{\"changed\": {\"fields\": [\"\\u0421\\u0442\\u0430\\u0442\\u0443\\u0441\", \"\\u0414\\u043b\\u0438\\u0442\\u0435\\u043b\\u044c\\u043d\\u043e\\u0441\\u0442\\u044c (\\u0434\\u043d\\u0435\\u0439)\"]}}]"}}, {"model": "admin.logentry", "pk": 154, "fields": {"action_time": "2026-03-29T10:10:49.224Z", "user": ["LorAdmin"], "content_type": ["planets", "mission"], "object_id": "4", "object_repr": "Mars Express", "action_flag": 2, "change_message": "[{\"changed\": {\"fields\": [\"\\u0421\\u0442\\u0430\\u0442\\u0443\\u0441\", \"\\u0414\\u043b\\u0438\\u0442\\u0435\\u043b\\u044c\\u043d\\u043e\\u0441\\u0442\\u044c (\\u0434\\u043d\\u0435\\u0439)\"]}}]"}}, {"model": "admin.logentry", "pk": 155, "fields": {"action_time": "2026-03-29T10:10:55.909Z", "user": ["LorAdmin"], "content_type": ["planets", "mission"], "object_id": "5", "object_repr": "MRO", "action_flag": 2, "change_message": "[{\"changed\": {\"fields\": [\"\\u0414\\u043b\\u0438\\u0442\\u0435\\u043b\\u044c\\u043d\\u043e\\u0441\\u0442\\u044c (\\u0434\\u043d\\u0435\\u0439)\"]}}]"}}, {"model": "admin.logentry", "pk": 156, "fields": {"action_time": "2026-03-29T12:21:34.885Z", "user": ["LorAdmin"], "content_type": ["planets", "mission"], "object_id": "7", "object_repr": "Juno", "action_flag": 2, "change_message": "[{\"changed\": {\"fields\": [\"\\u041e\\u043f\\u0438\\u0441\\u0430\\u043d\\u0438\\u0435 \\u043c\\u0438\\u0441\\u0441\\u0438\\u0438\"]}}]"}}, {"model": "admin.logentry", "pk": 157, "fields": {"action_time": "2026-03-29T12:21:52.557Z", "user": ["LorAdmin"], "content_type": ["planets", "mission"], "object_id": "8", "object_repr": "Europa Clipper", "action_flag": 2, "change_message": "[{\"changed\": {\"fields\": [\"\\u0414\\u043b\\u0438\\u0442\\u0435\\u043b\\u044c\\u043d\\u043e\\u0441\\u0442\\u044c (\\u0434\\u043d\\u0435\\u0439)\", \"\\u041e\\u043f\\u0438\\u0441\\u0430\\u043d\\u0438\\u0435 \\u043c\\u0438\\u0441\\u0441\\u0438\\u0438\"]}}]"}}, {"model": "admin.logentry", "pk": 158, "fields": {"action_time": "2026-03-29T12:22:04.274Z", "user": ["LorAdmin"], "content_type": ["planets", "mission"], "object_id": "9", "object_repr": "JUICE", "action_flag": 2, "change_message": "[{\"changed\": {\"fields\": [\"\\u041e\\u043f\\u0438\\u0441\\u0430\\u043d\\u0438\\u0435 \\u043c\\u0438\\u0441\\u0441\\u0438\\u0438\"]}}]"}}, {"model": "admin.logentry", "pk": 159, "fields": {"action_time": "2026-03-29T12:22:17.377Z", "user": ["LorAdmin"], "content_type": ["planets", "mission"], "object_id": "4", "object_repr": "Mars Express", "action_flag": 2, "change_message": "[{\"changed\": {\"fields\": [\"\\u0414\\u043b\\u0438\\u0442\\u0435\\u043b\\u044c\\u043d\\u043e\\u0441\\u0442\\u044c (\\u0434\\u043d\\u0435\\u0439)\", \"\\u041e\\u043f\\u0438\\u0441\\u0430\\u043d\\u0438\\u0435 \\u043c\\u0438\\u0441\\u0441\\u0438\\u0438\"]}}]"}}, {"model": "admin.logentry", "pk": 160, "fields": {"action_time": "2026-03-29T12:22:30.314Z", "user": ["LorAdmin"], "content_type": ["planets", "mission"], "object_id": "6", "object_repr": "MAVEN", "action_flag": 2, "change_message": "[{\"changed\": {\"fields\": [\"\\u0414\\u043b\\u0438\\u0442\\u0435\\u043b\\u044c\\u043d\\u043e\\u0441\\u0442\\u044c (\\u0434\\u043d\\u0435\\u0439)\", \"\\u041e\\u043f\\u0438\\u0441\\u0430\\u043d\\u0438\\u0435 \\u043c\\u0438\\u0441\\u0441\\u0438\\u0438\"]}}]"}}, {"model": "admin.logentry", "pk": 161, "fields": {"action_time": "2026-03-29T12:22:41.762Z", "user": ["LorAdmin"], "content_type": ["planets", "mission"], "object_id": "5", "object_repr": "MRO", "action_flag": 2, "change_message": "[{\"changed\": {\"fields\": [\"\\u0414\\u043b\\u0438\\u0442\\u0435\\u043b\\u044c\\u043d\\u043e\\u0441\\u0442\\u044c (\\u0434\\u043d\\u0435\\u0439)\", \"\\u041e\\u043f\\u0438\\u0441\\u0430\\u043d\\u0438\\u0435 \\u043c\\u0438\\u0441\\u0441\\u0438\\u0438\"]}}]"}}, {"model": "admin.logentry", "pk": 162, "fields": {"action_time": "2026-03-29T12:23:05.854Z", "user": ["LorAdmin"], "content_type": ["planets", "mission"], "object_id": "21", "object_repr": "ExoMars Trace Gas Orbiter", "action_flag": 2, "change_message": "[{\"changed\": {\"fields\": [\"\\u0414\\u043b\\u0438\\u0442\\u0435\\u043b\\u044c\\u043d\\u043e\\u0441\\u0442\\u044c (\\u0434\\u043d\\u0435\\u0439)\", \"\\u041e\\u043f\\u0438\\u0441\\u0430\\u043d\\u0438\\u0435 \\u043c\\u0438\\u0441\\u0441\\u0438\\u0438\"]}}]"}}, {"model": "admin.logentry", "pk": 163, "fields": {"action_time": "2026-03-29T12:23:23.827Z", "user": ["LorAdmin"], "content_type": ["planets", "mission"], "object_id": "10", "object_repr": "Akatsuki", "action_flag": 2, "change_message": "[{\"changed\": {\"fields\": [\"\\u0414\\u043b\\u0438\\u0442\\u0435\\u043b\\u044c\\u043d\\u043e\\u0441\\u0442\\u044c (\\u0434\\u043d\\u0435\\u0439)\", \"\\u041e\\u043f\\u0438\\u0441\\u0430\\u043d\\u0438\\u0435 \\u043c\\u0438\\u0441\\u0441\\u0438\\u0438\"]}}]"}}, {"model": "admin.logentry", "pk": 164, "fields": {"action_time": "2026-03-29T12:23:38.938Z", "user": ["LorAdmin"], "content_type": ["planets", "mission"], "object_id": "11", "object_repr": "BepiColombo", "action_flag": 2, "change_message": "[{\"changed\": {\"fields\": [\"\\u0414\\u043b\\u0438\\u0442\\u0435\\u043b\\u044c\\u043d\\u043e\\u0441\\u0442\\u044c (\\u0434\\u043d\\u0435\\u0439)\", \"\\u041e\\u043f\\u0438\\u0441\\u0430\\u043d\\u0438\\u0435 \\u043c\\u0438\\u0441\\u0441\\u0438\\u0438\"]}}]"}}, {"model": "admin.logentry", "pk": 165, "fields": {"action_time": "2026-03-29T12:23:51.910Z", "user": ["LorAdmin"], "content_type": ["planets", "mission"], "object_id": "2", "object_repr": "Hubble", "action_flag": 2, "change_message": "[{\"changed\": {\"fields\": [\"\\u0414\\u043b\\u0438\\u0442\\u0435\\u043b\\u044c\\u043d\\u043e\\u0441\\u0442\\u044c (\\u0434\\u043d\\u0435\\u0439)\", \"\\u041e\\u043f\\u0438\\u0441\\u0430\\u043d\\u0438\\u0435 \\u043c\\u0438\\u0441\\u0441\\u0438\\u0438\"]}}]"}}, {"model": "admin.logentry", "pk": 166, "fields": {"action_time": "2026-03-29T12:24:09.664Z", "user": ["LorAdmin"], "content_type": ["planets", "mission"], "object_id": "3", "object_repr": "James Webb", "action_flag": 2, "change_message": "[{\"changed\": {\"fields\": [\"\\u0414\\u043b\\u0438\\u0442\\u0435\\u043b\\u044c\\u043d\\u043e\\u0441\\u0442\\u044c (\\u0434\\u043d\\u0435\\u0439)\", \"\\u041e\\u043f\\u0438\\u0441\\u0430\\u043d\\u0438\\u0435 \\u043c\\u0438\\u0441\\u0441\\u0438\\u0438\"]}}]"}}, {"model": "admin.logentry", "pk": 167, "fields": {"action_time": "2026-03-29T12:24:21.238Z", "user": ["LorAdmin"], "content_type": ["planets", "mission"], "object_id": "1", "object_repr": "МКС", "action_flag": 2, "change_message": "[{\"changed\": {\"fields\": [\"\\u0414\\u043b\\u0438\\u0442\\u0435\\u043b\\u044c\\u043d\\u043e\\u0441\\u0442\\u044c (\\u0434\\u043d\\u0435\\u0439)\", \"\\u041e\\u043f\\u0438\\u0441\\u0430\\u043d\\u0438\\u0435 \\u043c\\u0438\\u0441\\u0441\\u0438\\u0438\"]}}]"}}, {"model": "admin.logentry", "pk": 168, "fields": {"action_time": "2026-03-29T12:26:10.014Z", "user": ["LorAdmin"], "content_type": ["planets", "mission"], "object_id": "12", "object_repr": "Фобос-Грунт", "action_flag": 2, "change_message": "[{\"changed\": {\"fields\": [\"\\u041e\\u043f\\u0438\\u0441\\u0430\\u043d\\u0438\\u0435 \\u043c\\u0438\\u0441\\u0441\\u0438\\u0438\"]}}]"}}, {"model": "admin.logentry", "pk": 169, "fields": {"action_time": "2026-03-29T12:29:26.005Z", "user": ["LorAdmin"], "content_type": ["planets", "mission"], "object_id": "22", "object_repr": "Ресурс-П №5", "action_flag": 2, "change_message": "[{\"changed\": {\"fields\": [\"\\u0414\\u043b\\u0438\\u0442\\u0435\\u043b\\u044c\\u043d\\u043e\\u0441\\u0442\\u044c (\\u0434\\u043d\\u0435\\u0439)\", \"\\u041e\\u043f\\u0438\\u0441\\u0430\\u043d\\u0438\\u0435 \\u043c\\u0438\\u0441\\u0441\\u0438\\u0438\"]}}]"}}, {"model": "admin.logentry", "pk": 170, "fields": {"action_time": "2026-03-29T12:29:38.891Z", "user": ["LorAdmin"], "content_type": ["planets", "mission"], "object_id": "20", "object_repr": "Венера-7", "action_flag": 2, "change_message": "[{\"changed\": {\"fields\": [\"\\u041e\\u043f\\u0438\\u0441\\u0430\\u043d\\u0438\\u0435 \\u043c\\u0438\\u0441\\u0441\\u0438\\u0438\"]}}]"}}, {"model": "admin.logentry", "pk": 171, "fields": {"action_time": "2026-03-29T12:29:48.856Z", "user": ["LorAdmin"], "content_type": ["planets", "mission"], "object_id": "19", "object_repr": "Восток-1", "action_flag": 2, "change_message": "[{\"changed\": {\"fields\": [\"\\u041e\\u043f\\u0438\\u0441\\u0430\\u043d\\u0438\\u0435 \\u043c\\u0438\\u0441\\u0441\\u0438\\u0438\"]}}]"}}, {"model": "admin.logentry", "pk": 172, "fields": {"action_time": "2026-03-29T12:29:58.924Z", "user": ["LorAdmin"], "content_type": ["planets", "mission"], "object_id": "18", "object_repr": "Спутник-1", "action_flag": 2, "change_message": "[{\"changed\": {\"fields\": [\"\\u041e\\u043f\\u0438\\u0441\\u0430\\u043d\\u0438\\u0435 \\u043c\\u0438\\u0441\\u0441\\u0438\\u0438\"]}}]"}}, {"model": "admin.logentry", "pk": 173, "fields": {"action_time": "2026-03-29T12:30:09.243Z", "user": ["LorAdmin"], "content_type": ["planets", "mission"], "object_id": "17", "object_repr": "Марс-3", "action_flag": 2, "change_message": "[{\"changed\": {\"fields\": [\"\\u041e\\u043f\\u0438\\u0441\\u0430\\u043d\\u0438\\u0435 \\u043c\\u0438\\u0441\\u0441\\u0438\\u0438\"]}}]"}}, {"model": "admin.logentry", "pk": 174, "fields": {"action_time": "2026-03-29T12:30:22.561Z", "user": ["LorAdmin"], "content_type": ["planets", "mission"], "object_id": "16", "object_repr": "Genesis", "action_flag": 2, "change_message": "[{\"changed\": {\"fields\": [\"\\u041e\\u043f\\u0438\\u0441\\u0430\\u043d\\u0438\\u0435 \\u043c\\u0438\\u0441\\u0441\\u0438\\u0438\"]}}]"}}, {"model": "admin.logentry", "pk": 175, "fields": {"action_time": "2026-03-29T12:30:29.991Z", "user": ["LorAdmin"], "content_type": ["planets", "mission"], "object_id": "15", "object_repr": "Mars 96", "action_flag": 2, "change_message": "[{\"changed\": {\"fields\": [\"\\u041e\\u043f\\u0438\\u0441\\u0430\\u043d\\u0438\\u0435 \\u043c\\u0438\\u0441\\u0441\\u0438\\u0438\"]}}]"}}, {"model": "admin.logentry", "pk": 176, "fields": {"action_time": "2026-03-29T12:30:46.038Z", "user": ["LorAdmin"], "content_type": ["planets", "mission"], "object_id": "14", "object_repr": "Прогресс М-12М", "action_flag": 2, "change_message": "[{\"changed\": {\"fields\": [\"\\u041e\\u043f\\u0438\\u0441\\u0430\\u043d\\u0438\\u0435 \\u043c\\u0438\\u0441\\u0441\\u0438\\u0438\"]}}]"}}, {"model": "admin.logentry", "pk": 177, "fields": {"action_time": "2026-03-29T12:31:00.828Z", "user": ["LorAdmin"], "content_type": ["planets", "mission"], "object_id": "13", "object_repr": "Mars Climate Orbiter", "action_flag": 2, "change_message": "[{\"changed\": {\"fields\": [\"\\u041e\\u043f\\u0438\\u0441\\u0430\\u043d\\u0438\\u0435 \\u043c\\u0438\\u0441\\u0441\\u0438\\u0438\"]}}]"}}, {"model": "admin.logentry", "pk": 178, "fields": {"action_time": "2026-03-30T03:45:49.895Z", "user": ["LorAdmin"], "content_type": ["planets", "spaceagency"], "object_id": "1", "object_repr": "NASA", "action_flag": 2, "change_message": "[{\"changed\": {\"fields\": [\"\\u041e\\u043f\\u0438\\u0441\\u0430\\u043d\\u0438\\u0435 \\u0430\\u0433\\u0435\\u043d\\u0442\\u0441\\u0442\\u0432\\u0430\"]}}]"}}, {"model": "admin.logentry", "pk": 179, "fields": {"action_time": "2026-03-30T03:46:01.273Z", "user": ["LorAdmin"], "content_type": ["planets", "spaceagency"], "object_id": "2", "object_repr": "ESA", "action_flag": 2, "change_message": "[{\"changed\": {\"fields\": [\"\\u041e\\u043f\\u0438\\u0441\\u0430\\u043d\\u0438\\u0435 \\u0430\\u0433\\u0435\\u043d\\u0442\\u0441\\u0442\\u0432\\u0430\"]}}]"}}, {"model": "admin.logentry", "pk": 180, "fields": {"action_time": "2026-03-30T03:46:13.913Z", "user": ["LorAdmin"], "content_type": ["planets", "spaceagency"], "object_id": "3", "object_repr": "Роскосмос/СССР", "action_flag": 2, "change_message": "[{\"changed\": {\"fields\": [\"\\u041e\\u043f\\u0438\\u0441\\u0430\\u043d\\u0438\\u0435 \\u0430\\u0433\\u0435\\u043d\\u0442\\u0441\\u0442\\u0432\\u0430\"]}}]"}}, {"model": "admin.logentry", "pk": 181, "fields": {"action_time": "2026-03-30T03:46:33.551Z", "user": ["LorAdmin"], "content_type": ["planets", "spaceagency"], "object_id": "4", "object_repr": "JAXA", "action_flag": 2, "change_message": "[{\"changed\": {\"fields\": [\"\\u041e\\u043f\\u0438\\u0441\\u0430\\u043d\\u0438\\u0435 \\u0430\\u0433\\u0435\\u043d\\u0442\\u0441\\u0442\\u0432\\u0430\"]}}]"}}, {"model": "admin.logentry", "pk": 182, "fields": {"action_time": "2026-03-30T03:46:46.002Z", "user": ["LorAdmin"], "content_type": ["planets", "spaceagency"], "object_id": "5", "object_repr": "CNSA", "action_flag": 2, "change_message": "[{\"changed\": {\"fields\": [\"\\u041e\\u043f\\u0438\\u0441\\u0430\\u043d\\u0438\\u0435 \\u0430\\u0433\\u0435\\u043d\\u0442\\u0441\\u0442\\u0432\\u0430\"]}}]"}}, {"model": "admin.logentry", "pk": 183, "fields": {"action_time": "2026-03-30T03:46:57.343Z", "user": ["LorAdmin"], "content_type": ["planets", "spaceagency"], "object_id": "6", "object_repr": "ISRO", "action_flag": 2, "change_message": "[{\"changed\": {\"fields\": [\"\\u041e\\u043f\\u0438\\u0441\\u0430\\u043d\\u0438\\u0435 \\u0430\\u0433\\u0435\\u043d\\u0442\\u0441\\u0442\\u0432\\u0430\"]}}]"}}, {"model": "admin.logentry", "pk": 184, "fields": {"action_time": "2026-03-30T03:47:09.698Z", "user": ["LorAdmin"], "content_type": ["planets", "spaceagency"], "object_id": "7", "object_repr": "CSA", "action_flag": 2, "change_message": "[{\"changed\": {\"fields\": [\"\\u041e\\u043f\\u0438\\u0441\\u0430\\u043d\\u0438\\u0435 \\u0430\\u0433\\u0435\\u043d\\u0442\\u0441\\u0442\\u0432\\u0430\"]}}]"}}, {"model": "admin.logentry", "pk": 185, "fields": {"action_time": "2026-04-01T04:43:52.402Z", "user": ["LorAdmin"], "content_type": ["planets", "planet"], "object_id": "7", "object_repr": "Уран", "action_flag": 2, "change_message": "[{\"changed\": {\"fields\": [\"\\u0422\\u0435\\u043a\\u0441\\u0442 \\u043f\\u043b\\u0430\\u043d\\u0435\\u0442\\u044b\"]}}]"}}, {"model": "admin.logentry", "pk": 186, "fields": {"action_time": "2026-04-01T04:51:12.401Z", "user": ["LorAdmin"], "content_type": ["planets", "mission"], "object_id": "13", "object_repr": "MCO", "action_flag": 2, "change_message": "[{\"changed\": {\"fields\": [\"\\u041d\\u0430\\u0437\\u0432\\u0430\\u043d\\u0438\\u0435 \\u043c\\u0438\\u0441\\u0441\\u0438\\u0438\", \"\\u041e\\u043f\\u0438\\u0441\\u0430\\u043d\\u0438\\u0435 \\u043c\\u0438\\u0441\\u0441\\u0438\\u0438\"]}}]"}}, {"model": "admin.logentry", "pk": 187, "fields": {"action_time": "2026-04-03T08:38:28.925Z", "user": ["LorAdmin"], "content_type": ["planets", "satellite"], "object_id": "31", "object_repr": "Juno", "action_flag": 3, "change_message": ""}}, {"model": "admin.logentry", "pk": 188, "fields": {"action_time": "2026-04-03T10:06:10.639Z", "user": ["LorAdmin"], "content_type": ["planets", "spaceagency"], "object_id": "7", "object_repr": "CSA", "action_flag": 2, "change_message": "[{\"changed\": {\"fields\": [\"\\u0418\\u0437\\u043e\\u0431\\u0440\\u0430\\u0436\\u0435\\u043d\\u0438\\u0435 \\u0430\\u0433\\u0435\\u043d\\u0442\\u0441\\u0442\\u0432\\u0430\"]}}]"}}, {"model": "admin.logentry", "pk": 189, "fields": {"action_time": "2026-04-03T10:06:16.308Z", "user": ["LorAdmin"], "content_type": ["planets", "spaceagency"], "object_id": "7", "object_repr": "CSA", "action_flag": 2, "change_message": "[{\"changed\": {\"fields\": [\"\\u0418\\u0437\\u043e\\u0431\\u0440\\u0430\\u0436\\u0435\\u043d\\u0438\\u0435 \\u0430\\u0433\\u0435\\u043d\\u0442\\u0441\\u0442\\u0432\\u0430\"]}}]"}}, {"model": "admin.logentry", "pk": 190, "fields": {"action_time": "2026-04-03T10:07:13.410Z", "user": ["LorAdmin"], "content_type": ["planets", "spaceagency"], "object_id": "3", "object_repr": "Роскосмос/СССР", "action_flag": 2, "change_message": "[{\"changed\": {\"fields\": [\"\\u0418\\u0437\\u043e\\u0431\\u0440\\u0430\\u0436\\u0435\\u043d\\u0438\\u0435 \\u0430\\u0433\\u0435\\u043d\\u0442\\u0441\\u0442\\u0432\\u0430\"]}}]"}}, {"model": "admin.logentry", "pk": 191, "fields": {"action_time": "2026-04-03T10:08:06.666Z", "user": ["LorAdmin"], "content_type": ["planets", "spaceagency"], "object_id": "1", "object_repr": "NASA", "action_flag": 2, "change_message": "[{\"changed\": {\"fields\": [\"\\u0418\\u0437\\u043e\\u0431\\u0440\\u0430\\u0436\\u0435\\u043d\\u0438\\u0435 \\u0430\\u0433\\u0435\\u043d\\u0442\\u0441\\u0442\\u0432\\u0430\"]}}]"}}, {"model": "admin.logentry", "pk": 192, "fields": {"action_time": "2026-04-03T10:08:50.918Z", "user": ["LorAdmin"], "content_type": ["planets", "spaceagency"], "object_id": "4", "object_repr": "JAXA", "action_flag": 2, "change_message": "[{\"changed\": {\"fields\": [\"\\u0418\\u0437\\u043e\\u0431\\u0440\\u0430\\u0436\\u0435\\u043d\\u0438\\u0435 \\u0430\\u0433\\u0435\\u043d\\u0442\\u0441\\u0442\\u0432\\u0430\"]}}]"}}, {"model": "admin.logentry", "pk": 193, "fields": {"action_time": "2026-04-03T10:09:30.986Z", "user": ["LorAdmin"], "content_type": ["planets", "spaceagency"], "object_id": "2", "object_repr": "ESA", "action_flag": 2, "change_message": "[{\"changed\": {\"fields\": [\"\\u0418\\u0437\\u043e\\u0431\\u0440\\u0430\\u0436\\u0435\\u043d\\u0438\\u0435 \\u0430\\u0433\\u0435\\u043d\\u0442\\u0441\\u0442\\u0432\\u0430\"]}}]"}}, {"model": "admin.logentry", "pk": 194, "fields": {"action_time": "2026-04-03T10:09:59.714Z", "user": ["LorAdmin"], "content_type": ["planets", "spaceagency"], "object_id": "2", "object_repr": "ESA", "action_flag": 2, "change_message": "[{\"changed\": {\"fields\": [\"\\u0418\\u0437\\u043e\\u0431\\u0440\\u0430\\u0436\\u0435\\u043d\\u0438\\u0435 \\u0430\\u0433\\u0435\\u043d\\u0442\\u0441\\u0442\\u0432\\u0430\"]}}]"}}, {"model": "admin.logentry", "pk": 195, "fields": {"action_time": "2026-04-03T10:10:38.095Z", "user": ["LorAdmin"], "content_type": ["planets", "spaceagency"], "object_id": "2", "object_repr": "ESA", "action_flag": 2, "change_message": "[{\"changed\": {\"fields\": [\"\\u0418\\u0437\\u043e\\u0431\\u0440\\u0430\\u0436\\u0435\\u043d\\u0438\\u0435 \\u0430\\u0433\\u0435\\u043d\\u0442\\u0441\\u0442\\u0432\\u0430\"]}}]"}}]
